SET FOREIGN_KEY_CHECKS = 0;

DROP TABLE IF EXISTS  `sys_menu`;
CREATE TABLE `sys_menu` (
  `id` bigint(18) NOT NULL AUTO_INCREMENT COMMENT '主键',
  `parent_id` bigint(18) DEFAULT NULL COMMENT '上级菜单ID',
  `parent_key` varchar(255) DEFAULT NULL COMMENT '上级菜单唯一KEY值',
  `type` tinyint(4) NOT NULL DEFAULT '2' COMMENT '类型 1-分类 2-节点',
  `name` varchar(64) NOT NULL COMMENT '名称',
  `desc` varchar(256) DEFAULT NULL COMMENT '描述',
  `target_url` varchar(128) DEFAULT NULL COMMENT '目标地址',
  `sort` int(11) DEFAULT NULL COMMENT '排序索引',
  `status` tinyint(4) NOT NULL DEFAULT '1' COMMENT '状态 0-无效； 1-有效；',
  `create_by` bigint(18) DEFAULT NULL COMMENT '创建人',
  `modify_by` bigint(18) DEFAULT NULL COMMENT '修改人',
  `created` datetime NOT NULL DEFAULT CURRENT_TIMESTAMP COMMENT '创建时间',
  `last_update_time` datetime NOT NULL DEFAULT CURRENT_TIMESTAMP ON UPDATE CURRENT_TIMESTAMP COMMENT '修改时间',
  PRIMARY KEY (`id`) USING BTREE
) ENGINE=InnoDB AUTO_INCREMENT=52 DEFAULT CHARSET=utf8mb4 COMMENT='系统菜单';

insert into `sys_menu`(`id`,`parent_id`,`parent_key`,`type`,`name`,`desc`,`target_url`,`sort`,`status`,`create_by`,`modify_by`,`created`,`last_update_time`) values
('1',null,null,'1','网站运营','网站运营',null,'1','1',null,null,'2018-07-08 02:27:32','2018-07-08 02:27:32'),
('2',null,null,'1','统计分析','统计分析',null,'2','1',null,null,'2018-07-08 02:27:32','2018-07-08 02:27:32'),
('3',null,null,'1','用户中心','用户中心',null,'3','1',null,null,'2018-07-08 02:27:32','2018-07-08 02:27:32'),
('4',null,null,'1','财务管理','财务管理',null,'4','1',null,null,'2018-07-08 02:27:32','2018-07-08 02:27:32'),
('5',null,null,'1','资金明细','资金明细',null,'5','1',null,null,'2018-07-08 02:27:32','2018-07-08 02:27:32'),
('6',null,null,'1','币币交易参数','币币交易参数',null,'6','1',null,null,'2018-07-08 02:27:32','2018-07-08 02:27:32'),
('7',null,null,'1','系统参数','系统参数',null,'7','1',null,null,'2018-07-08 02:27:32','2018-07-08 02:27:32'),
('8',null,null,'1','系统管理','系统管理',null,'8','1',null,null,'2018-07-08 02:27:32','2018-07-08 02:27:32'),
('9','1','1','2','公告管理','公告管理',null,'1','1',null,null,'2018-07-08 02:27:32','2018-07-08 02:27:32'),
('10','1','1','2','资源配置','资源配置',null,'2','1',null,null,'2018-07-08 02:27:32','2018-07-08 02:27:32'),
('11','1','1','2','客服工单','客服工单',null,'3','1',null,null,'2018-07-08 02:27:32','2018-07-08 02:27:32'),
('12','2','2','2','运营统计','运营统计',null,'1','1',null,null,'2018-07-08 02:27:32','2018-07-08 02:27:32'),
('13','12','2.12','2','交易统计','交易统计',null,'1','1',null,null,'2018-07-08 02:27:32','2018-07-08 02:27:32'),
('14','12','2.12','2','注册统计','注册统计',null,'2','1',null,null,'2018-07-08 02:27:32','2018-07-08 02:27:32'),
('15','12','2.12','2','登录统计','登录统计',null,'3','1',null,null,'2018-07-08 02:27:32','2018-07-08 02:27:32'),
('16','12','2.12','2','法币充值统计','法币充值统计',null,'4','1',null,null,'2018-07-08 02:27:32','2018-07-08 02:27:32'),
('17','12','2.12','2','法币提现统计','法币提现统计',null,'5','1',null,null,'2018-07-08 02:27:32','2018-07-08 02:27:32'),
('18','12','2.12','2','充币统计','充币统计',null,'6','1',null,null,'2018-07-08 02:27:32','2018-07-08 02:27:32'),
('19','12','2.12','2','提币统计','提币统计',null,'7','1',null,null,'2018-07-08 02:27:32','2018-07-08 02:27:32'),
('20','13','2.12.13','2','交易量排行','交易量排行',null,'1','1',null,null,'2018-07-08 02:27:32','2018-07-08 02:27:32'),
('21','3','3','2','会员管理','会员管理',null,'1','1',null,null,'2018-07-08 02:27:32','2018-07-08 02:27:32'),
('22','21','3.21','2','用户列表','用户列表',null,'1','1',null,null,'2018-07-08 02:27:32','2018-07-08 02:27:32'),
('23','21','3.21','2','实名认证审核','实名认证审核',null,'2','1',null,null,'2018-07-08 02:27:32','2018-07-08 02:27:32'),
('24','21','3.21','2','矿池列表','矿池列表',null,'2','1',null,null,'2018-07-08 02:27:32','2018-07-08 02:27:32'),
('25','4','4','2','法币充值审核','法币充值审核',null,'1','1',null,null,'2018-07-08 02:27:32','2018-07-08 02:27:32'),
('26','4','4','2','法币提现审核','法币提现审核',null,'2','1',null,null,'2018-07-08 02:27:32','2018-07-08 02:27:32'),
('27','4','4','2','数字货币提币审核','数字货币提币审核',null,'3','1',null,null,'2018-07-08 02:27:32','2018-07-08 02:27:32'),
('28','5','5','2','账户资产','账户资产',null,'1','1',null,null,'2018-07-08 02:27:32','2018-07-08 02:27:32'),
('29','5','5','2','交易记录','交易记录',null,'2','1',null,null,'2018-07-08 02:27:32','2018-07-08 02:27:32'),
('30','5','5','2','充提记录','充提记录',null,'3','1',null,null,'2018-07-08 02:27:32','2018-07-08 02:27:32'),
('31','5','5','2','资金流水','资金流水',null,'4','1',null,null,'2018-07-08 02:27:32','2018-07-08 02:27:32'),
('32','29','5.29','2','币币交易委托','币币交易委托',null,'1','1',null,null,'2018-07-08 02:27:32','2018-07-15 21:19:29'),
('33','29','5.29','2','币币交易成交','币币交易成交',null,'2','1',null,null,'2018-07-18 18:22:30','2018-07-18 18:23:12'),
('34','30','5.30','2','法币充值记录','法币充值记录',null,'1','1',null,null,'2018-07-08 02:27:32','2018-07-15 21:19:38'),
('35','30','5.30','2','法币提现记录','法币提现记录',null,'2','1',null,null,'2018-07-08 02:27:32','2018-07-15 21:19:39'),
('36','30','5.30','2','数字货币充值记录','数字货币充值记录',null,'3','1',null,null,'2018-07-08 02:27:32','2018-07-15 21:19:40'),
('37','30','5.30','2','数字货币提币记录','数字货币提币记录',null,'4','1',null,null,'2018-07-08 02:27:32','2018-07-15 21:19:41'),
('38','6','6','2','币种类型配置','币种类型配置',null,'2','1',null,null,'2018-07-08 02:27:32','2018-07-08 02:27:32'),
('39','6','6','2','交易区域配置','交易区域配置',null,'1','1',null,null,'2018-07-08 02:27:32','2018-07-08 02:27:32'),
('40','6','6','2','币种配置','币种配置',null,'3','1',null,null,'2018-07-08 02:27:32','2018-07-08 02:27:32'),
('41','6','6','2','市场配置','市场配置',null,'4','1',null,null,'2018-07-08 02:27:32','2018-07-08 02:27:32'),
('42','7','7','2','公司银行卡管理','公司银行卡管理',null,'1','1',null,null,'2018-07-08 02:27:32','2018-07-08 02:27:32'),
('43','7','7','2','系统参数配置','系统参数配置',null,'2','1',null,null,'2018-07-08 02:27:32','2018-07-08 02:27:32'),
('45','8','8','2','权限管理','权限管理',null,'3','1',null,null,'2018-07-08 02:27:32','2018-07-08 02:27:32'),
('46','8','8','2','系统日志','系统日志',null,'4','1',null,null,'2018-07-08 02:27:32','2018-07-08 02:27:32'),
('47','45','8.45','2','角色权限配置','角色权限配置',null,'1','1',null,null,'2018-07-08 02:27:32','2018-07-08 02:27:32'),
('48','45','8.45','2','角色管理','角色管理',null,'2','1',null,null,'2018-07-08 02:27:32','2018-07-08 02:27:32'),
('49','45','8.45','2','用户管理','用户管理',null,'3','1',null,null,'2018-07-08 02:27:32','2018-07-08 02:27:32'),
('50','7','7','2','挖矿数据','挖矿数据',null,'3','1',null,null,'2018-07-11 04:24:26','2018-07-11 04:24:26');
DROP TABLE IF EXISTS  `sys_privilege`;
CREATE TABLE `sys_privilege` (
  `id` bigint(18) NOT NULL AUTO_INCREMENT COMMENT '主键',
  `menu_id` bigint(18) DEFAULT NULL COMMENT '所属菜单Id',
  `name` varchar(255) DEFAULT NULL COMMENT '功能点名称',
  `description` varchar(255) DEFAULT NULL COMMENT '功能描述',
  `url` varchar(255) DEFAULT NULL,
  `method` varchar(255) DEFAULT NULL,
  `create_by` bigint(18) DEFAULT NULL COMMENT '创建人',
  `modify_by` bigint(18) DEFAULT NULL COMMENT '修改人',
  `created` datetime NOT NULL DEFAULT CURRENT_TIMESTAMP COMMENT '创建时间',
  `last_update_time` datetime NOT NULL DEFAULT CURRENT_TIMESTAMP ON UPDATE CURRENT_TIMESTAMP COMMENT '修改时间',
  PRIMARY KEY (`id`) USING BTREE,
  KEY `unq_name` (`name`(191)) USING BTREE
) ENGINE=InnoDB AUTO_INCREMENT=1010101010101010200 DEFAULT CHARSET=utf8mb4 COMMENT='权限配置';

insert into `sys_privilege`(`id`,`menu_id`,`name`,`description`,`url`,`method`,`create_by`,`modify_by`,`created`,`last_update_time`) values
('1010101010101010101','9','notice_query','搜索',null,null,null,null,'2018-07-08 02:27:33','2018-07-08 02:27:33'),
('1010101010101010102','9','notice_create','新建',null,null,null,null,'2018-07-08 02:27:33','2018-07-08 02:27:33'),
('1010101010101010103','9','notice_update','编辑',null,null,null,null,'2018-07-08 02:27:33','2018-07-08 02:27:33'),
('1010101010101010104','9','notice_delete','删除',null,null,null,null,'2018-07-08 02:27:33','2018-07-08 02:27:33'),
('1010101010101010105','10','web_config_query','搜索',null,null,null,null,'2018-07-08 02:27:33','2018-07-08 02:27:33'),
('1010101010101010106','10','web_config_create','新建',null,null,null,null,'2018-07-08 02:27:33','2018-07-08 02:27:33'),
('1010101010101010107','10','web_config_update','编辑',null,null,null,null,'2018-07-08 02:27:33','2018-07-08 02:27:33'),
('1010101010101010108','10','web_config_delete','删除',null,null,null,null,'2018-07-08 02:27:33','2018-07-08 02:27:33'),
('1010101010101010109','11','work_issue_query','搜索',null,null,null,null,'2018-07-08 02:27:33','2018-07-08 02:27:33'),
('1010101010101010110','11','work_issue_update','回复',null,null,null,null,'2018-07-08 02:27:33','2018-07-08 02:27:33'),
('1010101010101010111','20','trade_statistics_query','搜索',null,null,null,null,'2018-07-08 02:27:33','2018-07-08 02:27:33'),
('1010101010101010112','14','register_statistics_query','搜索',null,null,null,null,'2018-07-08 02:27:33','2018-07-08 02:27:33'),
('1010101010101010113','15','login_statistics_query','搜索',null,null,null,null,'2018-07-08 02:27:33','2018-07-08 02:27:33'),
('1010101010101010114','16','cash_recharge_statistics_query','搜索',null,null,null,null,'2018-07-08 02:27:33','2018-07-08 02:27:33'),
('1010101010101010115','17','cash_withdraw_statistics_query','搜索',null,null,null,null,'2018-07-08 02:27:33','2018-07-08 02:27:33'),
('1010101010101010116','18','coin_recharge_statistics_query','搜索',null,null,null,null,'2018-07-08 02:27:33','2018-07-08 02:27:33'),
('1010101010101010117','19','coin_withdraw_statistics_query','搜索',null,null,null,null,'2018-07-08 02:27:33','2018-07-08 02:27:33'),
('1010101010101010118','22','user_query','搜索',null,null,null,null,'2018-07-08 02:27:33','2018-07-08 02:27:33'),
('1010101010101010119','22','user_update','编辑',null,null,null,null,'2018-07-08 02:27:33','2018-07-08 02:27:33'),
('1010101010101010120','22','user_export','导出',null,null,null,null,'2018-07-08 02:27:33','2018-07-08 02:27:33'),
('1010101010101010121','22','user_bank_query','搜索',null,null,null,null,'2018-07-08 02:27:33','2018-07-08 02:27:33'),
('1010101010101010122','22','user_wallet_query','搜索',null,null,null,null,'2018-07-08 02:27:33','2018-07-08 02:27:33'),
('1010101010101010123','22','user_bank_query','银行卡查询',null,null,null,null,'2018-07-08 02:27:33','2018-07-08 02:27:33'),
('1010101010101010124','23','user_auth_query','搜索',null,null,null,null,'2018-07-08 02:27:33','2018-07-08 02:27:33'),
('1010101010101010125','23','user_auth_audit','审核',null,null,null,null,'2018-07-08 02:27:34','2018-07-08 02:27:34'),
('1010101010101010126','24','mine_pool_query','搜索',null,null,null,null,'2018-07-08 02:27:34','2018-07-08 02:27:34'),
('1010101010101010127','24','mine_pool_create','创建',null,null,null,null,'2018-07-08 02:27:34','2018-07-08 02:27:34'),
('1010101010101010128','24','mine_pool_update','修改',null,null,null,null,'2018-07-08 02:27:34','2018-07-08 02:27:34'),
('1010101010101010129','24','mine_pool_delete','删除',null,null,null,null,'2018-07-08 02:27:34','2018-07-08 02:27:34'),
('1010101010101010130','24','mine_pool_audit','审核',null,null,null,null,'2018-07-08 02:27:34','2018-07-08 02:27:34'),
('1010101010101010131','25','cash_recharge_audit_query','搜索',null,null,null,null,'2018-07-08 02:27:34','2018-07-08 02:27:34'),
('1010101010101010132','25','cash_recharge_audit_export','导出',null,null,null,null,'2018-07-08 02:27:34','2018-07-08 02:27:34'),
('1010101010101010133','25','cash_recharge_audit_1','一级审核',null,null,null,null,'2018-07-08 02:27:34','2018-07-08 02:27:34'),
('1010101010101010134','25','cash_recharge_audit_2','二级审核',null,null,null,null,'2018-07-08 02:27:34','2018-07-08 02:27:34'),
('1010101010101010135','26','cash_withdraw_audit_query','搜索',null,null,null,null,'2018-07-08 02:27:34','2018-07-08 02:27:34'),
('1010101010101010136','26','cash_withdraw_audit_export','导出',null,null,null,null,'2018-07-08 02:27:34','2018-07-08 02:27:34'),
('1010101010101010137','26','cash_withdraw_audit_1','一级审核',null,null,null,null,'2018-07-08 02:27:35','2018-07-08 02:27:35'),
('1010101010101010138','26','cash_withdraw_audit_2','二级审核',null,null,null,null,'2018-07-08 02:27:35','2018-07-08 02:27:35'),
('1010101010101010139','27','coin_withdraw_audit_1','一级审核',null,null,null,null,'2018-07-08 02:27:35','2018-07-08 02:27:35'),
('1010101010101010140','27','coin_withdraw_audit_2','二级审核',null,null,null,null,'2018-07-08 02:27:35','2018-07-08 02:27:35'),
('1010101010101010141','28','account_query','搜索',null,null,null,null,'2018-07-08 02:27:35','2018-07-08 02:27:35'),
('1010101010101010142','28','account_export','导出',null,null,null,null,'2018-07-08 02:27:35','2018-07-08 02:27:35'),
('1010101010101010143','28','account_status_update','修改状态',null,null,null,null,'2018-07-08 02:27:35','2018-07-08 02:27:35'),
('1010101010101010144','28','account_recharge_coin_xn','充值',null,null,null,null,'2018-07-08 02:27:35','2018-07-08 02:27:35'),
('1010101010101010145','32','trade_entrust_order_query','搜索',null,null,null,null,'2018-07-08 02:27:35','2018-07-08 02:27:35'),
('1010101010101010146','32','trade_entrust_order_export','导出',null,null,null,null,'2018-07-08 02:27:35','2018-07-08 02:27:35'),
('1010101010101010147','33','trade_deal_order_query','搜索',null,null,null,null,'2018-07-08 02:27:35','2018-07-08 02:27:35'),
('1010101010101010148','33','trade_deal_order_export','导出',null,null,null,null,'2018-07-08 02:27:35','2018-07-08 02:27:35'),
('1010101010101010149','34','cash_recharge_audit_query','搜索',null,null,null,null,'2018-07-08 02:27:35','2018-07-15 21:19:58'),
('1010101010101010150','34','cash_recharge_audit_export','导出',null,null,null,null,'2018-07-08 02:27:35','2018-07-15 21:19:59'),
('1010101010101010151','35','cash_withdraw_audit_query','搜索',null,null,null,null,'2018-07-08 02:27:35','2018-07-15 21:20:01'),
('1010101010101010152','35','cash_withdraw_audit_export','导出',null,null,null,null,'2018-07-08 02:27:35','2018-07-15 21:20:02'),
('1010101010101010153','36','coin_recharge_query','搜索',null,null,null,null,'2018-07-08 02:27:35','2018-07-08 02:27:35'),
('1010101010101010154','36','coin_recharge_export','导出',null,null,null,null,'2018-07-08 02:27:35','2018-07-08 02:27:35'),
('1010101010101010155','37','coin_withdraw_query','搜索',null,null,null,null,'2018-07-08 02:27:35','2018-07-08 02:27:35'),
('1010101010101010156','37','coin_withdraw_export','导出',null,null,null,null,'2018-07-08 02:27:35','2018-07-08 02:27:35'),
('1010101010101010157','31','account_detail_query','搜索',null,null,null,null,'2018-07-08 02:27:35','2018-07-08 02:27:35'),
('1010101010101010158','31','account_detail_export','导出',null,null,null,null,'2018-07-08 02:27:35','2018-07-08 02:27:35'),
('1010101010101010159','38','trade_area_query','搜索',null,null,null,null,'2018-07-08 02:27:35','2018-07-08 02:27:35'),
('1010101010101010160','38','trade_area_create','新建',null,null,null,null,'2018-07-08 02:27:35','2018-07-08 02:27:35'),
('1010101010101010161','38','trade_area_update','编辑',null,null,null,null,'2018-07-08 02:27:35','2018-07-08 02:27:35'),
('1010101010101010162','38','trade_area_delete','删除',null,null,null,null,'2018-07-08 02:27:35','2018-07-08 02:27:35'),
('1010101010101010163','39','trade_coin_type_query','新建',null,null,null,null,'2018-07-08 02:27:35','2018-07-08 02:27:35'),
('1010101010101010164','39','trade_coin_type_create','编辑',null,null,null,null,'2018-07-08 02:27:35','2018-07-08 02:27:35'),
('1010101010101010165','39','trade_coin_type_update','删除',null,null,null,null,'2018-07-08 02:27:35','2018-07-08 02:27:35'),
('1010101010101010166','39','trade_coin_type_delete','搜索',null,null,null,null,'2018-07-08 02:27:35','2018-07-08 02:27:35'),
('1010101010101010167','40','trade_coin_query','搜索',null,null,null,null,'2018-07-08 02:27:35','2018-07-08 02:27:35'),
('1010101010101010168','40','trade_coin_create','新建',null,null,null,null,'2018-07-08 02:27:35','2018-07-08 02:27:35'),
('1010101010101010169','40','trade_coin_update','编辑',null,null,null,null,'2018-07-08 02:27:35','2018-07-08 02:27:35'),
('1010101010101010170','40','trade_coin_delete','删除',null,null,null,null,'2018-07-08 02:27:35','2018-07-08 02:27:35'),
('1010101010101010171','41','trade_market_query','搜索',null,null,null,null,'2018-07-08 02:27:35','2018-07-08 02:27:35'),
('1010101010101010172','41','trade_market_create','新建',null,null,null,null,'2018-07-08 02:27:35','2018-07-08 02:27:35'),
('1010101010101010173','41','trade_market_update','编辑',null,null,null,null,'2018-07-08 02:27:35','2018-07-08 02:27:35'),
('1010101010101010174','41','trade_market_delete','删除',null,null,null,null,'2018-07-08 02:27:35','2018-07-08 02:27:35'),
('1010101010101010175','42','admin_bank_query','搜索',null,null,null,null,'2018-07-08 02:27:35','2018-07-08 02:27:35'),
('1010101010101010176','42','admin_bank_create','新建',null,null,null,null,'2018-07-08 02:27:35','2018-07-08 02:27:35'),
('1010101010101010177','42','admin_bank_update','编辑',null,null,null,null,'2018-07-08 02:27:35','2018-07-08 02:27:35'),
('1010101010101010178','42','admin_bank_delete','删除',null,null,null,null,'2018-07-08 02:27:35','2018-07-08 02:27:35'),
('1010101010101010179','43','config_query','搜索',null,null,null,null,'2018-07-08 02:27:35','2018-07-08 02:27:35'),
('1010101010101010180','43','config_create','新建',null,null,null,null,'2018-07-08 02:27:35','2018-07-08 02:27:35'),
('1010101010101010181','43','config_update','编辑',null,null,null,null,'2018-07-08 02:27:35','2018-07-08 02:27:35'),
('1010101010101010182','43','config_delete','删除',null,null,null,null,'2018-07-08 02:27:35','2018-07-08 02:27:35'),
('1010101010101010183','47','sys_privilege_query','搜索',null,null,null,null,'2018-07-08 02:27:35','2018-07-08 02:27:35'),
('1010101010101010184','47','sys_privilege_create','新建',null,null,null,null,'2018-07-08 02:27:35','2018-07-08 02:27:35'),
('1010101010101010185','47','sys_privilege_update','编辑',null,null,null,null,'2018-07-08 02:27:35','2018-07-08 02:27:35'),
('1010101010101010186','47','sys_privilege_delete','删除',null,null,null,null,'2018-07-08 02:27:35','2018-07-08 02:27:35'),
('1010101010101010187','48','sys_role_query','搜索',null,null,null,null,'2018-07-08 02:27:35','2018-07-08 02:27:35'),
('1010101010101010188','48','sys_role_create','新建',null,null,null,null,'2018-07-08 02:27:36','2018-07-08 02:27:36'),
('1010101010101010189','48','sys_role_update','编辑',null,null,null,null,'2018-07-08 02:27:36','2018-07-08 02:27:36'),
('1010101010101010190','48','sys_role_delete','删除',null,null,null,null,'2018-07-08 02:27:36','2018-07-08 02:27:36'),
('1010101010101010191','49','sys_user_query','搜索',null,null,null,null,'2018-07-08 02:27:36','2018-07-08 02:27:36'),
('1010101010101010192','49','sys_user_create','新建',null,null,null,null,'2018-07-08 02:27:36','2018-07-08 02:27:36'),
('1010101010101010193','49','sys_user_update','编辑',null,null,null,null,'2018-07-08 02:27:36','2018-07-08 02:27:36'),
('1010101010101010194','49','sys_user_delete','删除',null,null,null,null,'2018-07-08 02:27:36','2018-07-08 02:27:36'),
('1010101010101010195','46','sys_user_log_query','搜索',null,null,null,null,'2018-07-08 02:27:36','2018-07-08 02:27:36'),
('1010101010101010196','50','mine_data_query','搜索',null,null,null,null,'2018-07-11 04:27:13','2018-07-11 04:27:13'),
('1010101010101010197','50','mine_data_create','新建',null,null,null,null,'2018-07-11 04:27:33','2018-07-11 04:27:33'),
('1010101010101010198','50','mine_data_update','编辑',null,null,null,null,'2018-07-11 04:27:55','2018-07-11 04:27:55'),
('1010101010101010199','3','user_wallet_address_query','搜索',null,null,null,null,'2018-07-13 18:14:04','2018-07-13 18:14:04');
DROP TABLE IF EXISTS  `sys_role`;
CREATE TABLE `sys_role` (
  `id` bigint(18) NOT NULL AUTO_INCREMENT COMMENT '主键',
  `name` varchar(32) NOT NULL COMMENT '名称',
  `code` varchar(32) NOT NULL COMMENT '代码',
  `description` varchar(128) DEFAULT NULL COMMENT '描述',
  `create_by` bigint(18) DEFAULT NULL COMMENT '创建人',
  `modify_by` bigint(18) DEFAULT NULL COMMENT '修改人',
  `status` tinyint(4) NOT NULL DEFAULT '1' COMMENT '状态0:禁用 1:启用',
  `created` datetime NOT NULL DEFAULT CURRENT_TIMESTAMP COMMENT '创建时间',
  `last_update_time` datetime NOT NULL DEFAULT CURRENT_TIMESTAMP ON UPDATE CURRENT_TIMESTAMP COMMENT '修改时间',
  PRIMARY KEY (`id`) USING BTREE
) ENGINE=InnoDB AUTO_INCREMENT=1023198378668298243 DEFAULT CHARSET=utf8mb4 COMMENT='角色';

insert into `sys_role`(`id`,`name`,`code`,`description`,`create_by`,`modify_by`,`status`,`created`,`last_update_time`) values
('1010101010101010101','管理员','ROLE_ADMIN','系统管理员',null,null,'1','2018-07-08 02:27:32','2018-07-08 02:27:32'),
('1016200764806635522','客服','01',null,'1010101010101010101',null,'1','2018-07-09 14:01:57','2018-07-09 14:01:57'),
('1016200819290644481','财务','02',null,'1010101010101010101',null,'1','2018-07-09 14:02:10','2018-07-09 14:02:10'),
('1016200921405169666','主管','03',null,'1010101010101010101',null,'1','2018-07-09 14:02:34','2018-07-09 14:02:34'),
('1023198378668298242','二级管理员','04',null,'1010101010101010101',null,'1','2018-07-28 21:27:58','2018-07-28 21:27:58');
DROP TABLE IF EXISTS  `sys_role_menu`;
CREATE TABLE `sys_role_menu` (
  `id` bigint(18) NOT NULL AUTO_INCREMENT,
  `role_id` bigint(18) DEFAULT NULL,
  `menu_id` bigint(18) DEFAULT NULL,
  `create_by` bigint(18) DEFAULT NULL COMMENT '创建人',
  `modify_by` bigint(18) DEFAULT NULL COMMENT '修改人',
  `created` datetime NOT NULL DEFAULT CURRENT_TIMESTAMP COMMENT '创建时间',
  `last_update_time` datetime NOT NULL DEFAULT CURRENT_TIMESTAMP ON UPDATE CURRENT_TIMESTAMP COMMENT '修改时间',
  PRIMARY KEY (`id`) USING BTREE
) ENGINE=InnoDB AUTO_INCREMENT=1023198536550289414 DEFAULT CHARSET=utf8mb4 COMMENT='角色菜单';

insert into `sys_role_menu`(`id`,`role_id`,`menu_id`,`create_by`,`modify_by`,`created`,`last_update_time`) values
('1010101010101010101','1010101010101010101','1',null,null,'2018-07-08 02:27:32','2018-07-08 02:27:32'),
('1010101010101010102','1010101010101010101','2',null,null,'2018-07-08 02:27:32','2018-07-08 02:27:32'),
('1010101010101010103','1010101010101010101','3',null,null,'2018-07-08 02:27:32','2018-07-08 02:27:32'),
('1010101010101010104','1010101010101010101','4',null,null,'2018-07-08 02:27:32','2018-07-08 02:27:32'),
('1010101010101010105','1010101010101010101','5',null,null,'2018-07-08 02:27:32','2018-07-08 02:27:32'),
('1010101010101010106','1010101010101010101','6',null,null,'2018-07-08 02:27:32','2018-07-08 02:27:32'),
('1010101010101010107','1010101010101010101','7',null,null,'2018-07-08 02:27:32','2018-07-08 02:27:32'),
('1010101010101010108','1010101010101010101','8',null,null,'2018-07-08 02:27:32','2018-07-08 02:27:32'),
('1010101010101010109','1010101010101010101','9',null,null,'2018-07-08 02:27:32','2018-07-08 02:27:32'),
('1010101010101010110','1010101010101010101','10',null,null,'2018-07-08 02:27:32','2018-07-08 02:27:32'),
('1010101010101010111','1010101010101010101','11',null,null,'2018-07-08 02:27:32','2018-07-08 02:27:32'),
('1010101010101010112','1010101010101010101','12',null,null,'2018-07-08 02:27:32','2018-07-08 02:27:32'),
('1010101010101010113','1010101010101010101','13',null,null,'2018-07-08 02:27:32','2018-07-08 02:27:32'),
('1010101010101010114','1010101010101010101','14',null,null,'2018-07-08 02:27:32','2018-07-08 02:27:32'),
('1010101010101010115','1010101010101010101','15',null,null,'2018-07-08 02:27:32','2018-07-08 02:27:32'),
('1010101010101010116','1010101010101010101','16',null,null,'2018-07-08 02:27:32','2018-07-08 02:27:32'),
('1010101010101010117','1010101010101010101','17',null,null,'2018-07-08 02:27:32','2018-07-08 02:27:32'),
('1010101010101010118','1010101010101010101','18',null,null,'2018-07-08 02:27:32','2018-07-08 02:27:32'),
('1010101010101010119','1010101010101010101','19',null,null,'2018-07-08 02:27:32','2018-07-08 02:27:32'),
('1010101010101010120','1010101010101010101','20',null,null,'2018-07-08 02:27:32','2018-07-08 02:27:32'),
('1010101010101010121','1010101010101010101','21',null,null,'2018-07-08 02:27:32','2018-07-08 02:27:32'),
('1010101010101010122','1010101010101010101','22',null,null,'2018-07-08 02:27:32','2018-07-08 02:27:32'),
('1010101010101010123','1010101010101010101','23',null,null,'2018-07-08 02:27:32','2018-07-08 02:27:32'),
('1010101010101010124','1010101010101010101','24',null,null,'2018-07-08 02:27:32','2018-07-08 02:27:32'),
('1010101010101010125','1010101010101010101','25',null,null,'2018-07-08 02:27:32','2018-07-08 02:27:32'),
('1010101010101010126','1010101010101010101','26',null,null,'2018-07-08 02:27:32','2018-07-08 02:27:32'),
('1010101010101010127','1010101010101010101','27',null,null,'2018-07-08 02:27:32','2018-07-08 02:27:32'),
('1010101010101010128','1010101010101010101','28',null,null,'2018-07-08 02:27:32','2018-07-08 02:27:32'),
('1010101010101010129','1010101010101010101','29',null,null,'2018-07-08 02:27:32','2018-07-08 02:27:32'),
('1010101010101010130','1010101010101010101','30',null,null,'2018-07-08 02:27:32','2018-07-08 02:27:32'),
('1010101010101010131','1010101010101010101','31',null,null,'2018-07-08 02:27:32','2018-07-08 02:27:32'),
('1010101010101010132','1010101010101010101','32',null,null,'2018-07-08 02:27:32','2018-07-08 02:27:32'),
('1010101010101010133','1010101010101010101','33',null,null,'2018-07-08 02:27:32','2018-07-08 02:27:32'),
('1010101010101010134','1010101010101010101','34',null,null,'2018-07-08 02:27:32','2018-07-08 02:27:32'),
('1010101010101010135','1010101010101010101','35',null,null,'2018-07-08 02:27:32','2018-07-08 02:27:32'),
('1010101010101010136','1010101010101010101','36',null,null,'2018-07-08 02:27:32','2018-07-08 02:27:32'),
('1010101010101010137','1010101010101010101','37',null,null,'2018-07-08 02:27:32','2018-07-08 02:27:32'),
('1010101010101010138','1010101010101010101','38',null,null,'2018-07-08 02:27:32','2018-07-08 02:27:32'),
('1010101010101010139','1010101010101010101','39',null,null,'2018-07-08 02:27:32','2018-07-08 02:27:32'),
('1010101010101010140','1010101010101010101','40',null,null,'2018-07-08 02:27:32','2018-07-08 02:27:32'),
('1010101010101010141','1010101010101010101','41',null,null,'2018-07-08 02:27:32','2018-07-08 02:27:32'),
('1010101010101010142','1010101010101010101','42',null,null,'2018-07-08 02:27:32','2018-07-08 02:27:32'),
('1010101010101010143','1010101010101010101','43',null,null,'2018-07-08 02:27:32','2018-07-08 02:27:32'),
('1010101010101010144','1010101010101010101','45',null,null,'2018-07-08 02:27:32','2018-07-08 02:27:32'),
('1010101010101010145','1010101010101010101','46',null,null,'2018-07-08 02:27:32','2018-07-08 02:27:32'),
('1010101010101010146','1010101010101010101','47',null,null,'2018-07-08 02:27:32','2018-07-08 02:27:32'),
('1010101010101010147','1010101010101010101','48',null,null,'2018-07-08 02:27:32','2018-07-08 02:27:32'),
('1010101010101010148','1010101010101010101','49',null,null,'2018-07-08 02:27:32','2018-07-08 02:27:32'),
('1016202328241840131','1010101010101010101','50',null,null,'2018-07-11 04:29:26','2018-07-11 04:29:26'),
('1018797778270658561','1016200921405169666','1',null,null,'2018-07-16 18:01:33','2018-07-16 18:01:33'),
('1018797778274852865','1016200921405169666','2',null,null,'2018-07-16 18:01:33','2018-07-16 18:01:33'),
('1018797778274852866','1016200921405169666','3',null,null,'2018-07-16 18:01:33','2018-07-16 18:01:33'),
('1018797778274852867','1016200921405169666','4',null,null,'2018-07-16 18:01:33','2018-07-16 18:01:33'),
('1018797778274852868','1016200921405169666','5',null,null,'2018-07-16 18:01:33','2018-07-16 18:01:33'),
('1018797778279047170','1016200921405169666','6',null,null,'2018-07-16 18:01:33','2018-07-16 18:01:33'),
('1018797778279047171','1016200921405169666','7',null,null,'2018-07-16 18:01:33','2018-07-16 18:01:33'),
('1018797778279047172','1016200921405169666','8',null,null,'2018-07-16 18:01:33','2018-07-16 18:01:33'),
('1018797778283241474','1016200921405169666','9',null,null,'2018-07-16 18:01:33','2018-07-16 18:01:33'),
('1018797778283241475','1016200921405169666','10',null,null,'2018-07-16 18:01:33','2018-07-16 18:01:33'),
('1018797778283241476','1016200921405169666','11',null,null,'2018-07-16 18:01:33','2018-07-16 18:01:33'),
('1018797778283241477','1016200921405169666','12',null,null,'2018-07-16 18:01:33','2018-07-16 18:01:33'),
('1018797778283241478','1016200921405169666','13',null,null,'2018-07-16 18:01:33','2018-07-16 18:01:33'),
('1018797778283241479','1016200921405169666','14',null,null,'2018-07-16 18:01:33','2018-07-16 18:01:33'),
('1018797778287435778','1016200921405169666','15',null,null,'2018-07-16 18:01:33','2018-07-16 18:01:33'),
('1018797778287435779','1016200921405169666','16',null,null,'2018-07-16 18:01:33','2018-07-16 18:01:33'),
('1018797778287435780','1016200921405169666','17',null,null,'2018-07-16 18:01:33','2018-07-16 18:01:33'),
('1018797778287435781','1016200921405169666','18',null,null,'2018-07-16 18:01:33','2018-07-16 18:01:33'),
('1018797778287435782','1016200921405169666','19',null,null,'2018-07-16 18:01:33','2018-07-16 18:01:33'),
('1018797778291630082','1016200921405169666','20',null,null,'2018-07-16 18:01:33','2018-07-16 18:01:33'),
('1018797778291630083','1016200921405169666','21',null,null,'2018-07-16 18:01:33','2018-07-16 18:01:33'),
('1018797778291630084','1016200921405169666','22',null,null,'2018-07-16 18:01:33','2018-07-16 18:01:33'),
('1018797778291630085','1016200921405169666','23',null,null,'2018-07-16 18:01:33','2018-07-16 18:01:33'),
('1018797778291630086','1016200921405169666','24',null,null,'2018-07-16 18:01:33','2018-07-16 18:01:33'),
('1018797778291630087','1016200921405169666','25',null,null,'2018-07-16 18:01:33','2018-07-16 18:01:33'),
('1018797778291630088','1016200921405169666','26',null,null,'2018-07-16 18:01:33','2018-07-16 18:01:33'),
('1018797778291630089','1016200921405169666','27',null,null,'2018-07-16 18:01:33','2018-07-16 18:01:33'),
('1018797778291630090','1016200921405169666','28',null,null,'2018-07-16 18:01:33','2018-07-16 18:01:33'),
('1018797778295824385','1016200921405169666','29',null,null,'2018-07-16 18:01:33','2018-07-16 18:01:33'),
('1018797778295824386','1016200921405169666','30',null,null,'2018-07-16 18:01:33','2018-07-16 18:01:33'),
('1018797778295824387','1016200921405169666','31',null,null,'2018-07-16 18:01:33','2018-07-16 18:01:33'),
('1018797778337767425','1016200921405169666','32',null,null,'2018-07-16 18:01:33','2018-07-16 18:01:33'),
('1018797778337767426','1016200921405169666','33',null,null,'2018-07-16 18:01:33','2018-07-16 18:01:33'),
('1018797778337767427','1016200921405169666','34',null,null,'2018-07-16 18:01:33','2018-07-16 18:01:33'),
('1018797778337767428','1016200921405169666','35',null,null,'2018-07-16 18:01:33','2018-07-16 18:01:33'),
('1018797778337767429','1016200921405169666','36',null,null,'2018-07-16 18:01:33','2018-07-16 18:01:33'),
('1018797778337767430','1016200921405169666','37',null,null,'2018-07-16 18:01:33','2018-07-16 18:01:33'),
('1018797778341961729','1016200921405169666','38',null,null,'2018-07-16 18:01:33','2018-07-16 18:01:33'),
('1018797778341961730','1016200921405169666','39',null,null,'2018-07-16 18:01:33','2018-07-16 18:01:33'),
('1018797778341961731','1016200921405169666','40',null,null,'2018-07-16 18:01:33','2018-07-16 18:01:33'),
('1018797778341961732','1016200921405169666','41',null,null,'2018-07-16 18:01:33','2018-07-16 18:01:33'),
('1018797778341961733','1016200921405169666','42',null,null,'2018-07-16 18:01:33','2018-07-16 18:01:33'),
('1018797778341961734','1016200921405169666','43',null,null,'2018-07-16 18:01:33','2018-07-16 18:01:33'),
('1018797778341961735','1016200921405169666','45',null,null,'2018-07-16 18:01:33','2018-07-16 18:01:33'),
('1018797778341961736','1016200921405169666','46',null,null,'2018-07-16 18:01:33','2018-07-16 18:01:33'),
('1018797778346156033','1016200921405169666','47',null,null,'2018-07-16 18:01:33','2018-07-16 18:01:33'),
('1018797778346156034','1016200921405169666','48',null,null,'2018-07-16 18:01:33','2018-07-16 18:01:33'),
('1018797778346156035','1016200921405169666','49',null,null,'2018-07-16 18:01:33','2018-07-16 18:01:33'),
('1018797798994714626','1016200819290644481','2',null,null,'2018-07-16 18:01:38','2018-07-16 18:01:38'),
('1018797798998908929','1016200819290644481','3',null,null,'2018-07-16 18:01:38','2018-07-16 18:01:38'),
('1018797798998908930','1016200819290644481','4',null,null,'2018-07-16 18:01:38','2018-07-16 18:01:38'),
('1018797798998908932','1016200819290644481','5',null,null,'2018-07-16 18:01:38','2018-07-16 18:01:38'),
('1018797798998908933','1016200819290644481','12',null,null,'2018-07-16 18:01:38','2018-07-16 18:01:38'),
('1018797798998908934','1016200819290644481','13',null,null,'2018-07-16 18:01:38','2018-07-16 18:01:38'),
('1018797798998908935','1016200819290644481','14',null,null,'2018-07-16 18:01:38','2018-07-16 18:01:38'),
('1018797798998908936','1016200819290644481','15',null,null,'2018-07-16 18:01:38','2018-07-16 18:01:38'),
('1018797799003103233','1016200819290644481','16',null,null,'2018-07-16 18:01:38','2018-07-16 18:01:38'),
('1018797799003103234','1016200819290644481','17',null,null,'2018-07-16 18:01:38','2018-07-16 18:01:38'),
('1018797799003103235','1016200819290644481','18',null,null,'2018-07-16 18:01:38','2018-07-16 18:01:38'),
('1018797799003103236','1016200819290644481','19',null,null,'2018-07-16 18:01:38','2018-07-16 18:01:38'),
('1018797799003103237','1016200819290644481','20',null,null,'2018-07-16 18:01:38','2018-07-16 18:01:38'),
('1018797799003103238','1016200819290644481','21',null,null,'2018-07-16 18:01:38','2018-07-16 18:01:38'),
('1018797799003103239','1016200819290644481','22',null,null,'2018-07-16 18:01:38','2018-07-16 18:01:38'),
('1018797799003103240','1016200819290644481','23',null,null,'2018-07-16 18:01:38','2018-07-16 18:01:38'),
('1018797799003103241','1016200819290644481','25',null,null,'2018-07-16 18:01:38','2018-07-16 18:01:38'),
('1018797799007297538','1016200819290644481','26',null,null,'2018-07-16 18:01:38','2018-07-16 18:01:38'),
('1018797799007297539','1016200819290644481','27',null,null,'2018-07-16 18:01:38','2018-07-16 18:01:38'),
('1018797799007297540','1016200819290644481','28',null,null,'2018-07-16 18:01:38','2018-07-16 18:01:38'),
('1018797799007297541','1016200819290644481','29',null,null,'2018-07-16 18:01:38','2018-07-16 18:01:38'),
('1018797799007297542','1016200819290644481','30',null,null,'2018-07-16 18:01:38','2018-07-16 18:01:38'),
('1018797799007297543','1016200819290644481','31',null,null,'2018-07-16 18:01:38','2018-07-16 18:01:38'),
('1018797799011491842','1016200819290644481','32',null,null,'2018-07-16 18:01:38','2018-07-16 18:01:38'),
('1018797799011491843','1016200819290644481','33',null,null,'2018-07-16 18:01:38','2018-07-16 18:01:38'),
('1018797799011491844','1016200819290644481','34',null,null,'2018-07-16 18:01:38','2018-07-16 18:01:38'),
('1018797799011491845','1016200819290644481','35',null,null,'2018-07-16 18:01:38','2018-07-16 18:01:38'),
('1018797799011491846','1016200819290644481','36',null,null,'2018-07-16 18:01:38','2018-07-16 18:01:38'),
('1018797799011491847','1016200819290644481','37',null,null,'2018-07-16 18:01:38','2018-07-16 18:01:38'),
('1018797818464673793','1016200764806635522','1',null,null,'2018-07-16 18:01:42','2018-07-16 18:01:42'),
('1018797818464673794','1016200764806635522','2',null,null,'2018-07-16 18:01:42','2018-07-16 18:01:42'),
('1018797818464673795','1016200764806635522','3',null,null,'2018-07-16 18:01:42','2018-07-16 18:01:42'),
('1018797818464673796','1016200764806635522','4',null,null,'2018-07-16 18:01:42','2018-07-16 18:01:42'),
('1018797818464673797','1016200764806635522','5',null,null,'2018-07-16 18:01:42','2018-07-16 18:01:42'),
('1018797818464673798','1016200764806635522','11',null,null,'2018-07-16 18:01:42','2018-07-16 18:01:42'),
('1018797818464673799','1016200764806635522','12',null,null,'2018-07-16 18:01:42','2018-07-16 18:01:42'),
('1018797818464673800','1016200764806635522','13',null,null,'2018-07-16 18:01:42','2018-07-16 18:01:42'),
('1018797818468868098','1016200764806635522','14',null,null,'2018-07-16 18:01:42','2018-07-16 18:01:42'),
('1018797818468868099','1016200764806635522','15',null,null,'2018-07-16 18:01:42','2018-07-16 18:01:42'),
('1018797818468868100','1016200764806635522','16',null,null,'2018-07-16 18:01:42','2018-07-16 18:01:42'),
('1018797818468868101','1016200764806635522','17',null,null,'2018-07-16 18:01:42','2018-07-16 18:01:42'),
('1018797818468868102','1016200764806635522','18',null,null,'2018-07-16 18:01:42','2018-07-16 18:01:42'),
('1018797818468868103','1016200764806635522','19',null,null,'2018-07-16 18:01:42','2018-07-16 18:01:42'),
('1018797818468868104','1016200764806635522','20',null,null,'2018-07-16 18:01:42','2018-07-16 18:01:42'),
('1018797818468868105','1016200764806635522','21',null,null,'2018-07-16 18:01:42','2018-07-16 18:01:42'),
('1018797818468868106','1016200764806635522','22',null,null,'2018-07-16 18:01:42','2018-07-16 18:01:42'),
('1018797818473062401','1016200764806635522','23',null,null,'2018-07-16 18:01:42','2018-07-16 18:01:42'),
('1018797818473062402','1016200764806635522','24',null,null,'2018-07-16 18:01:42','2018-07-16 18:01:42'),
('1018797818473062403','1016200764806635522','25',null,null,'2018-07-16 18:01:42','2018-07-16 18:01:42'),
('1018797818473062404','1016200764806635522','26',null,null,'2018-07-16 18:01:42','2018-07-16 18:01:42'),
('1018797818473062405','1016200764806635522','27',null,null,'2018-07-16 18:01:42','2018-07-16 18:01:42'),
('1018797818473062406','1016200764806635522','28',null,null,'2018-07-16 18:01:42','2018-07-16 18:01:42'),
('1018797818473062407','1016200764806635522','29',null,null,'2018-07-16 18:01:42','2018-07-16 18:01:42'),
('1018797818473062408','1016200764806635522','30',null,null,'2018-07-16 18:01:42','2018-07-16 18:01:42'),
('1018797818473062409','1016200764806635522','31',null,null,'2018-07-16 18:01:42','2018-07-16 18:01:42'),
('1018797818477256706','1016200764806635522','32',null,null,'2018-07-16 18:01:42','2018-07-16 18:01:42'),
('1018797818477256707','1016200764806635522','33',null,null,'2018-07-16 18:01:42','2018-07-16 18:01:42'),
('1018797818477256708','1016200764806635522','34',null,null,'2018-07-16 18:01:42','2018-07-16 18:01:42'),
('1018797818477256709','1016200764806635522','35',null,null,'2018-07-16 18:01:42','2018-07-16 18:01:42'),
('1018797818477256710','1016200764806635522','36',null,null,'2018-07-16 18:01:42','2018-07-16 18:01:42'),
('1018797818515005442','1016200764806635522','37',null,null,'2018-07-16 18:01:42','2018-07-16 18:01:42'),
('1023198536491569153','1023198378668298242','1',null,null,'2018-07-28 21:28:35','2018-07-28 21:28:35'),
('1023198536495763457','1023198378668298242','2',null,null,'2018-07-28 21:28:35','2018-07-28 21:28:35'),
('1023198536495763458','1023198378668298242','3',null,null,'2018-07-28 21:28:35','2018-07-28 21:28:35'),
('1023198536495763459','1023198378668298242','4',null,null,'2018-07-28 21:28:35','2018-07-28 21:28:35'),
('1023198536495763460','1023198378668298242','5',null,null,'2018-07-28 21:28:35','2018-07-28 21:28:35'),
('1023198536495763461','1023198378668298242','6',null,null,'2018-07-28 21:28:35','2018-07-28 21:28:35'),
('1023198536495763462','1023198378668298242','7',null,null,'2018-07-28 21:28:35','2018-07-28 21:28:35'),
('1023198536499957762','1023198378668298242','8',null,null,'2018-07-28 21:28:35','2018-07-28 21:28:35'),
('1023198536499957763','1023198378668298242','9',null,null,'2018-07-28 21:28:35','2018-07-28 21:28:35'),
('1023198536499957764','1023198378668298242','10',null,null,'2018-07-28 21:28:35','2018-07-28 21:28:35'),
('1023198536499957765','1023198378668298242','11',null,null,'2018-07-28 21:28:35','2018-07-28 21:28:35'),
('1023198536499957766','1023198378668298242','12',null,null,'2018-07-28 21:28:35','2018-07-28 21:28:35'),
('1023198536499957767','1023198378668298242','13',null,null,'2018-07-28 21:28:35','2018-07-28 21:28:35'),
('1023198536499957768','1023198378668298242','14',null,null,'2018-07-28 21:28:35','2018-07-28 21:28:35'),
('1023198536499957769','1023198378668298242','15',null,null,'2018-07-28 21:28:35','2018-07-28 21:28:35'),
('1023198536499957770','1023198378668298242','16',null,null,'2018-07-28 21:28:35','2018-07-28 21:28:35'),
('1023198536499957771','1023198378668298242','17',null,null,'2018-07-28 21:28:35','2018-07-28 21:28:35'),
('1023198536499957772','1023198378668298242','18',null,null,'2018-07-28 21:28:35','2018-07-28 21:28:35'),
('1023198536499957773','1023198378668298242','19',null,null,'2018-07-28 21:28:35','2018-07-28 21:28:35'),
('1023198536499957774','1023198378668298242','20',null,null,'2018-07-28 21:28:35','2018-07-28 21:28:35'),
('1023198536499957775','1023198378668298242','21',null,null,'2018-07-28 21:28:35','2018-07-28 21:28:35'),
('1023198536499957776','1023198378668298242','22',null,null,'2018-07-28 21:28:35','2018-07-28 21:28:35'),
('1023198536499957777','1023198378668298242','23',null,null,'2018-07-28 21:28:35','2018-07-28 21:28:35'),
('1023198536499957778','1023198378668298242','24',null,null,'2018-07-28 21:28:35','2018-07-28 21:28:35'),
('1023198536499957779','1023198378668298242','25',null,null,'2018-07-28 21:28:35','2018-07-28 21:28:35'),
('1023198536499957780','1023198378668298242','26',null,null,'2018-07-28 21:28:35','2018-07-28 21:28:35'),
('1023198536499957781','1023198378668298242','27',null,null,'2018-07-28 21:28:35','2018-07-28 21:28:35'),
('1023198536499957782','1023198378668298242','28',null,null,'2018-07-28 21:28:35','2018-07-28 21:28:35'),
('1023198536499957783','1023198378668298242','29',null,null,'2018-07-28 21:28:35','2018-07-28 21:28:35'),
('1023198536504152066','1023198378668298242','30',null,null,'2018-07-28 21:28:35','2018-07-28 21:28:35'),
('1023198536504152067','1023198378668298242','31',null,null,'2018-07-28 21:28:35','2018-07-28 21:28:35'),
('1023198536546095106','1023198378668298242','32',null,null,'2018-07-28 21:28:35','2018-07-28 21:28:35'),
('1023198536546095107','1023198378668298242','33',null,null,'2018-07-28 21:28:35','2018-07-28 21:28:35'),
('1023198536546095108','1023198378668298242','34',null,null,'2018-07-28 21:28:35','2018-07-28 21:28:35'),
('1023198536546095109','1023198378668298242','35',null,null,'2018-07-28 21:28:35','2018-07-28 21:28:35'),
('1023198536546095110','1023198378668298242','36',null,null,'2018-07-28 21:28:35','2018-07-28 21:28:35'),
('1023198536546095111','1023198378668298242','37',null,null,'2018-07-28 21:28:35','2018-07-28 21:28:35'),
('1023198536546095112','1023198378668298242','38',null,null,'2018-07-28 21:28:35','2018-07-28 21:28:35'),
('1023198536546095113','1023198378668298242','39',null,null,'2018-07-28 21:28:35','2018-07-28 21:28:35'),
('1023198536546095114','1023198378668298242','40',null,null,'2018-07-28 21:28:35','2018-07-28 21:28:35'),
('1023198536546095115','1023198378668298242','41',null,null,'2018-07-28 21:28:35','2018-07-28 21:28:35'),
('1023198536546095116','1023198378668298242','42',null,null,'2018-07-28 21:28:35','2018-07-28 21:28:35'),
('1023198536546095117','1023198378668298242','43',null,null,'2018-07-28 21:28:35','2018-07-28 21:28:35'),
('1023198536546095118','1023198378668298242','45',null,null,'2018-07-28 21:28:35','2018-07-28 21:28:35'),
('1023198536550289409','1023198378668298242','46',null,null,'2018-07-28 21:28:35','2018-07-28 21:28:35'),
('1023198536550289410','1023198378668298242','47',null,null,'2018-07-28 21:28:35','2018-07-28 21:28:35'),
('1023198536550289411','1023198378668298242','48',null,null,'2018-07-28 21:28:35','2018-07-28 21:28:35'),
('1023198536550289412','1023198378668298242','49',null,null,'2018-07-28 21:28:35','2018-07-28 21:28:35'),
('1023198536550289413','1023198378668298242','50',null,null,'2018-07-28 21:28:35','2018-07-28 21:28:35');
DROP TABLE IF EXISTS  `sys_role_privilege`;
CREATE TABLE `sys_role_privilege` (
  `id` bigint(18) NOT NULL AUTO_INCREMENT,
  `role_id` bigint(18) NOT NULL,
  `privilege_id` bigint(18) NOT NULL,
  PRIMARY KEY (`id`) USING BTREE
) ENGINE=InnoDB AUTO_INCREMENT=1023198536478986249 DEFAULT CHARSET=utf8mb4 COMMENT='角色权限配置';

insert into `sys_role_privilege`(`id`,`role_id`,`privilege_id`) values
('1010101010101010101','1010101010101010101','1010101010101010158'),
('1010101010101010102','1010101010101010101','1010101010101010157'),
('1010101010101010103','1010101010101010101','1010101010101010142'),
('1010101010101010104','1010101010101010101','1010101010101010141'),
('1010101010101010105','1010101010101010101','1010101010101010144'),
('1010101010101010106','1010101010101010101','1010101010101010143'),
('1010101010101010107','1010101010101010101','1010101010101010176'),
('1010101010101010108','1010101010101010101','1010101010101010178'),
('1010101010101010109','1010101010101010101','1010101010101010175'),
('1010101010101010110','1010101010101010101','1010101010101010177'),
('1010101010101010111','1010101010101010101','1010101010101010133'),
('1010101010101010112','1010101010101010101','1010101010101010134'),
('1010101010101010113','1010101010101010101','1010101010101010132'),
('1010101010101010114','1010101010101010101','1010101010101010131'),
('1010101010101010115','1010101010101010101','1010101010101010150'),
('1010101010101010116','1010101010101010101','1010101010101010149'),
('1010101010101010117','1010101010101010101','1010101010101010114'),
('1010101010101010118','1010101010101010101','1010101010101010137'),
('1010101010101010119','1010101010101010101','1010101010101010138'),
('1010101010101010120','1010101010101010101','1010101010101010136'),
('1010101010101010121','1010101010101010101','1010101010101010135'),
('1010101010101010122','1010101010101010101','1010101010101010152'),
('1010101010101010123','1010101010101010101','1010101010101010151'),
('1010101010101010124','1010101010101010101','1010101010101010115'),
('1010101010101010125','1010101010101010101','1010101010101010154'),
('1010101010101010126','1010101010101010101','1010101010101010153'),
('1010101010101010127','1010101010101010101','1010101010101010116'),
('1010101010101010128','1010101010101010101','1010101010101010139'),
('1010101010101010129','1010101010101010101','1010101010101010140'),
('1010101010101010130','1010101010101010101','1010101010101010156'),
('1010101010101010131','1010101010101010101','1010101010101010155'),
('1010101010101010132','1010101010101010101','1010101010101010117'),
('1010101010101010133','1010101010101010101','1010101010101010180'),
('1010101010101010134','1010101010101010101','1010101010101010182'),
('1010101010101010135','1010101010101010101','1010101010101010179'),
('1010101010101010136','1010101010101010101','1010101010101010181'),
('1010101010101010137','1010101010101010101','1010101010101010113'),
('1010101010101010138','1010101010101010101','1010101010101010130'),
('1010101010101010139','1010101010101010101','1010101010101010127'),
('1010101010101010140','1010101010101010101','1010101010101010129'),
('1010101010101010141','1010101010101010101','1010101010101010126'),
('1010101010101010142','1010101010101010101','1010101010101010128'),
('1010101010101010143','1010101010101010101','1010101010101010102'),
('1010101010101010144','1010101010101010101','1010101010101010104'),
('1010101010101010145','1010101010101010101','1010101010101010101'),
('1010101010101010146','1010101010101010101','1010101010101010103'),
('1010101010101010147','1010101010101010101','1010101010101010112'),
('1010101010101010148','1010101010101010101','1010101010101010184'),
('1010101010101010149','1010101010101010101','1010101010101010186'),
('1010101010101010150','1010101010101010101','1010101010101010183'),
('1010101010101010151','1010101010101010101','1010101010101010185'),
('1010101010101010152','1010101010101010101','1010101010101010188'),
('1010101010101010153','1010101010101010101','1010101010101010190'),
('1010101010101010154','1010101010101010101','1010101010101010187'),
('1010101010101010155','1010101010101010101','1010101010101010189'),
('1010101010101010156','1010101010101010101','1010101010101010192'),
('1010101010101010157','1010101010101010101','1010101010101010194'),
('1010101010101010158','1010101010101010101','1010101010101010195'),
('1010101010101010159','1010101010101010101','1010101010101010191'),
('1010101010101010160','1010101010101010101','1010101010101010193'),
('1010101010101010161','1010101010101010101','1010101010101010160'),
('1010101010101010162','1010101010101010101','1010101010101010162'),
('1010101010101010163','1010101010101010101','1010101010101010159'),
('1010101010101010164','1010101010101010101','1010101010101010161'),
('1010101010101010165','1010101010101010101','1010101010101010168'),
('1010101010101010166','1010101010101010101','1010101010101010170'),
('1010101010101010167','1010101010101010101','1010101010101010167'),
('1010101010101010168','1010101010101010101','1010101010101010164'),
('1010101010101010169','1010101010101010101','1010101010101010166'),
('1010101010101010170','1010101010101010101','1010101010101010163'),
('1010101010101010171','1010101010101010101','1010101010101010165'),
('1010101010101010172','1010101010101010101','1010101010101010169'),
('1010101010101010173','1010101010101010101','1010101010101010148'),
('1010101010101010174','1010101010101010101','1010101010101010147'),
('1010101010101010175','1010101010101010101','1010101010101010146'),
('1010101010101010176','1010101010101010101','1010101010101010145'),
('1010101010101010177','1010101010101010101','1010101010101010172'),
('1010101010101010178','1010101010101010101','1010101010101010174'),
('1010101010101010179','1010101010101010101','1010101010101010171'),
('1010101010101010180','1010101010101010101','1010101010101010173'),
('1010101010101010181','1010101010101010101','1010101010101010111'),
('1010101010101010182','1010101010101010101','1010101010101010125'),
('1010101010101010183','1010101010101010101','1010101010101010124'),
('1010101010101010184','1010101010101010101','1010101010101010121'),
('1010101010101010185','1010101010101010101','1010101010101010123'),
('1010101010101010186','1010101010101010101','1010101010101010120'),
('1010101010101010187','1010101010101010101','1010101010101010118'),
('1010101010101010188','1010101010101010101','1010101010101010119'),
('1010101010101010189','1010101010101010101','1010101010101010122'),
('1010101010101010190','1010101010101010101','1010101010101010106'),
('1010101010101010191','1010101010101010101','1010101010101010108'),
('1010101010101010192','1010101010101010101','1010101010101010105'),
('1010101010101010193','1010101010101010101','1010101010101010107'),
('1010101010101010194','1010101010101010101','1010101010101010109'),
('1010101010101010195','1010101010101010101','1010101010101010110'),
('1016202327952433155','1010101010101010101','1010101010101010196'),
('1016202327952433156','1010101010101010101','1010101010101010197'),
('1016202327952433157','1010101010101010101','1010101010101010198'),
('1018797778077720578','1016200921405169666','1010101010101010101'),
('1018797778081914882','1016200921405169666','1010101010101010102'),
('1018797778081914883','1016200921405169666','1010101010101010103'),
('1018797778081914884','1016200921405169666','1010101010101010104'),
('1018797778081914885','1016200921405169666','1010101010101010105'),
('1018797778086109185','1016200921405169666','1010101010101010106'),
('1018797778086109186','1016200921405169666','1010101010101010107'),
('1018797778086109187','1016200921405169666','1010101010101010108'),
('1018797778090303490','1016200921405169666','1010101010101010109'),
('1018797778090303491','1016200921405169666','1010101010101010110'),
('1018797778090303492','1016200921405169666','1010101010101010111'),
('1018797778090303493','1016200921405169666','1010101010101010112'),
('1018797778090303494','1016200921405169666','1010101010101010113'),
('1018797778090303495','1016200921405169666','1010101010101010114'),
('1018797778094497793','1016200921405169666','1010101010101010115'),
('1018797778094497794','1016200921405169666','1010101010101010116'),
('1018797778094497795','1016200921405169666','1010101010101010117'),
('1018797778094497796','1016200921405169666','1010101010101010118'),
('1018797778094497797','1016200921405169666','1010101010101010119'),
('1018797778098692097','1016200921405169666','1010101010101010120'),
('1018797778098692098','1016200921405169666','1010101010101010121'),
('1018797778098692099','1016200921405169666','1010101010101010122'),
('1018797778098692100','1016200921405169666','1010101010101010123'),
('1018797778098692101','1016200921405169666','1010101010101010124'),
('1018797778098692102','1016200921405169666','1010101010101010125'),
('1018797778098692103','1016200921405169666','1010101010101010126'),
('1018797778102886401','1016200921405169666','1010101010101010127'),
('1018797778102886402','1016200921405169666','1010101010101010128'),
('1018797778102886403','1016200921405169666','1010101010101010129'),
('1018797778102886404','1016200921405169666','1010101010101010130'),
('1018797778102886405','1016200921405169666','1010101010101010131'),
('1018797778149023746','1016200921405169666','1010101010101010132'),
('1018797778149023747','1016200921405169666','1010101010101010134'),
('1018797778149023748','1016200921405169666','1010101010101010135'),
('1018797778149023749','1016200921405169666','1010101010101010136'),
('1018797778149023750','1016200921405169666','1010101010101010138'),
('1018797778153218050','1016200921405169666','1010101010101010140'),
('1018797778153218051','1016200921405169666','1010101010101010141'),
('1018797778153218052','1016200921405169666','1010101010101010142'),
('1018797778153218053','1016200921405169666','1010101010101010143'),
('1018797778153218054','1016200921405169666','1010101010101010144'),
('1018797778153218055','1016200921405169666','1010101010101010145'),
('1018797778153218056','1016200921405169666','1010101010101010146'),
('1018797778153218057','1016200921405169666','1010101010101010147'),
('1018797778153218058','1016200921405169666','1010101010101010148'),
('1018797778157412353','1016200921405169666','1010101010101010149'),
('1018797778157412354','1016200921405169666','1010101010101010150'),
('1018797778157412355','1016200921405169666','1010101010101010151'),
('1018797778157412356','1016200921405169666','1010101010101010152'),
('1018797778157412357','1016200921405169666','1010101010101010153'),
('1018797778157412358','1016200921405169666','1010101010101010154'),
('1018797778157412359','1016200921405169666','1010101010101010155'),
('1018797778157412360','1016200921405169666','1010101010101010156'),
('1018797778157412361','1016200921405169666','1010101010101010157'),
('1018797778161606658','1016200921405169666','1010101010101010158'),
('1018797778161606659','1016200921405169666','1010101010101010159'),
('1018797778161606660','1016200921405169666','1010101010101010160'),
('1018797778161606661','1016200921405169666','1010101010101010161'),
('1018797778161606662','1016200921405169666','1010101010101010162'),
('1018797778161606663','1016200921405169666','1010101010101010163'),
('1018797778161606664','1016200921405169666','1010101010101010164'),
('1018797778203549698','1016200921405169666','1010101010101010165'),
('1018797778203549699','1016200921405169666','1010101010101010166'),
('1018797778203549700','1016200921405169666','1010101010101010167'),
('1018797778207744001','1016200921405169666','1010101010101010168'),
('1018797778207744002','1016200921405169666','1010101010101010169'),
('1018797778207744003','1016200921405169666','1010101010101010170'),
('1018797778207744004','1016200921405169666','1010101010101010171'),
('1018797778207744005','1016200921405169666','1010101010101010172'),
('1018797778207744006','1016200921405169666','1010101010101010173'),
('1018797778211938306','1016200921405169666','1010101010101010174'),
('1018797778211938307','1016200921405169666','1010101010101010175'),
('1018797778211938308','1016200921405169666','1010101010101010176'),
('1018797778211938309','1016200921405169666','1010101010101010177'),
('1018797778211938310','1016200921405169666','1010101010101010178'),
('1018797778211938311','1016200921405169666','1010101010101010179'),
('1018797778211938312','1016200921405169666','1010101010101010180'),
('1018797778211938313','1016200921405169666','1010101010101010181'),
('1018797778216132609','1016200921405169666','1010101010101010182'),
('1018797778216132610','1016200921405169666','1010101010101010183'),
('1018797778216132611','1016200921405169666','1010101010101010184'),
('1018797778216132612','1016200921405169666','1010101010101010185'),
('1018797778216132613','1016200921405169666','1010101010101010186'),
('1018797778216132614','1016200921405169666','1010101010101010187'),
('1018797778216132615','1016200921405169666','1010101010101010188'),
('1018797778216132616','1016200921405169666','1010101010101010189'),
('1018797778220326914','1016200921405169666','1010101010101010190'),
('1018797778220326915','1016200921405169666','1010101010101010191'),
('1018797778220326916','1016200921405169666','1010101010101010192'),
('1018797778220326917','1016200921405169666','1010101010101010193'),
('1018797778220326918','1016200921405169666','1010101010101010194'),
('1018797778262269954','1016200921405169666','1010101010101010195'),
('1018797798948577281','1016200819290644481','1010101010101010111'),
('1018797798952771585','1016200819290644481','1010101010101010112'),
('1018797798952771586','1016200819290644481','1010101010101010113'),
('1018797798952771587','1016200819290644481','1010101010101010114'),
('1018797798952771588','1016200819290644481','1010101010101010115'),
('1018797798952771589','1016200819290644481','1010101010101010116'),
('1018797798952771590','1016200819290644481','1010101010101010117'),
('1018797798952771591','1016200819290644481','1010101010101010118'),
('1018797798952771592','1016200819290644481','1010101010101010122'),
('1018797798952771593','1016200819290644481','1010101010101010123'),
('1018797798956965890','1016200819290644481','1010101010101010124'),
('1018797798956965891','1016200819290644481','1010101010101010125'),
('1018797798956965892','1016200819290644481','1010101010101010131'),
('1018797798956965893','1016200819290644481','1010101010101010134'),
('1018797798956965894','1016200819290644481','1010101010101010135'),
('1018797798956965895','1016200819290644481','1010101010101010138'),
('1018797798956965896','1016200819290644481','1010101010101010140'),
('1018797798956965897','1016200819290644481','1010101010101010141'),
('1018797798956965898','1016200819290644481','1010101010101010143'),
('1018797798956965899','1016200819290644481','1010101010101010145'),
('1018797798961160194','1016200819290644481','1010101010101010147'),
('1018797798961160195','1016200819290644481','1010101010101010149'),
('1018797798961160196','1016200819290644481','1010101010101010151'),
('1018797798961160197','1016200819290644481','1010101010101010153'),
('1018797798961160198','1016200819290644481','1010101010101010155'),
('1018797798961160199','1016200819290644481','1010101010101010157'),
('1018797818405953537','1016200764806635522','1010101010101010109'),
('1018797818405953538','1016200764806635522','1010101010101010110'),
('1018797818405953539','1016200764806635522','1010101010101010111'),
('1018797818405953540','1016200764806635522','1010101010101010112'),
('1018797818410147841','1016200764806635522','1010101010101010113'),
('1018797818410147842','1016200764806635522','1010101010101010114'),
('1018797818410147843','1016200764806635522','1010101010101010115'),
('1018797818410147844','1016200764806635522','1010101010101010116'),
('1018797818410147845','1016200764806635522','1010101010101010117'),
('1018797818410147846','1016200764806635522','1010101010101010118'),
('1018797818410147847','1016200764806635522','1010101010101010121'),
('1018797818410147848','1016200764806635522','1010101010101010122'),
('1018797818410147849','1016200764806635522','1010101010101010123'),
('1018797818410147850','1016200764806635522','1010101010101010124'),
('1018797818414342145','1016200764806635522','1010101010101010125'),
('1018797818414342146','1016200764806635522','1010101010101010126'),
('1018797818414342147','1016200764806635522','1010101010101010127'),
('1018797818414342148','1016200764806635522','1010101010101010130'),
('1018797818414342149','1016200764806635522','1010101010101010131'),
('1018797818414342150','1016200764806635522','1010101010101010133'),
('1018797818414342151','1016200764806635522','1010101010101010135'),
('1018797818414342152','1016200764806635522','1010101010101010137'),
('1018797818414342153','1016200764806635522','1010101010101010139'),
('1018797818418536449','1016200764806635522','1010101010101010141'),
('1018797818418536450','1016200764806635522','1010101010101010143'),
('1018797818418536451','1016200764806635522','1010101010101010145'),
('1018797818418536452','1016200764806635522','1010101010101010147'),
('1018797818418536453','1016200764806635522','1010101010101010149'),
('1018797818418536454','1016200764806635522','1010101010101010151'),
('1018797818418536455','1016200764806635522','1010101010101010153'),
('1018797818418536456','1016200764806635522','1010101010101010155'),
('1018797818456285185','1016200764806635522','1010101010101010157'),
('1023198536340574209','1023198378668298242','1010101010101010101'),
('1023198536340574210','1023198378668298242','1010101010101010102'),
('1023198536340574211','1023198378668298242','1010101010101010103'),
('1023198536340574212','1023198378668298242','1010101010101010104'),
('1023198536340574213','1023198378668298242','1010101010101010105'),
('1023198536348962818','1023198378668298242','1010101010101010106'),
('1023198536348962819','1023198378668298242','1010101010101010107'),
('1023198536348962820','1023198378668298242','1010101010101010108'),
('1023198536348962821','1023198378668298242','1010101010101010109'),
('1023198536348962822','1023198378668298242','1010101010101010110'),
('1023198536348962823','1023198378668298242','1010101010101010111'),
('1023198536348962824','1023198378668298242','1010101010101010112'),
('1023198536348962825','1023198378668298242','1010101010101010113'),
('1023198536348962826','1023198378668298242','1010101010101010114'),
('1023198536348962827','1023198378668298242','1010101010101010115'),
('1023198536348962828','1023198378668298242','1010101010101010116'),
('1023198536348962829','1023198378668298242','1010101010101010117'),
('1023198536348962830','1023198378668298242','1010101010101010118'),
('1023198536348962831','1023198378668298242','1010101010101010119'),
('1023198536348962832','1023198378668298242','1010101010101010120'),
('1023198536348962833','1023198378668298242','1010101010101010121'),
('1023198536348962834','1023198378668298242','1010101010101010122'),
('1023198536353157121','1023198378668298242','1010101010101010123'),
('1023198536353157122','1023198378668298242','1010101010101010124'),
('1023198536353157123','1023198378668298242','1010101010101010125'),
('1023198536353157124','1023198378668298242','1010101010101010126'),
('1023198536353157125','1023198378668298242','1010101010101010127'),
('1023198536353157126','1023198378668298242','1010101010101010128'),
('1023198536353157127','1023198378668298242','1010101010101010129'),
('1023198536353157128','1023198378668298242','1010101010101010130'),
('1023198536353157129','1023198378668298242','1010101010101010131'),
('1023198536395100162','1023198378668298242','1010101010101010132'),
('1023198536395100163','1023198378668298242','1010101010101010133'),
('1023198536395100164','1023198378668298242','1010101010101010134'),
('1023198536395100165','1023198378668298242','1010101010101010135'),
('1023198536395100166','1023198378668298242','1010101010101010136'),
('1023198536395100167','1023198378668298242','1010101010101010137'),
('1023198536395100168','1023198378668298242','1010101010101010138'),
('1023198536395100169','1023198378668298242','1010101010101010139'),
('1023198536395100170','1023198378668298242','1010101010101010140'),
('1023198536395100171','1023198378668298242','1010101010101010141'),
('1023198536395100172','1023198378668298242','1010101010101010142'),
('1023198536395100173','1023198378668298242','1010101010101010143'),
('1023198536395100174','1023198378668298242','1010101010101010145'),
('1023198536395100175','1023198378668298242','1010101010101010146'),
('1023198536395100176','1023198378668298242','1010101010101010147'),
('1023198536395100177','1023198378668298242','1010101010101010148'),
('1023198536395100178','1023198378668298242','1010101010101010149'),
('1023198536395100179','1023198378668298242','1010101010101010150'),
('1023198536395100180','1023198378668298242','1010101010101010151'),
('1023198536399294466','1023198378668298242','1010101010101010152'),
('1023198536399294467','1023198378668298242','1010101010101010153'),
('1023198536399294468','1023198378668298242','1010101010101010154'),
('1023198536399294469','1023198378668298242','1010101010101010155'),
('1023198536399294470','1023198378668298242','1010101010101010156'),
('1023198536399294471','1023198378668298242','1010101010101010157'),
('1023198536399294472','1023198378668298242','1010101010101010158'),
('1023198536399294473','1023198378668298242','1010101010101010159'),
('1023198536399294474','1023198378668298242','1010101010101010160'),
('1023198536399294475','1023198378668298242','1010101010101010161'),
('1023198536399294476','1023198378668298242','1010101010101010162'),
('1023198536437043202','1023198378668298242','1010101010101010163'),
('1023198536437043203','1023198378668298242','1010101010101010164'),
('1023198536437043204','1023198378668298242','1010101010101010165'),
('1023198536437043205','1023198378668298242','1010101010101010166'),
('1023198536437043206','1023198378668298242','1010101010101010167'),
('1023198536437043207','1023198378668298242','1010101010101010168'),
('1023198536437043208','1023198378668298242','1010101010101010169'),
('1023198536437043209','1023198378668298242','1010101010101010170'),
('1023198536437043210','1023198378668298242','1010101010101010171'),
('1023198536437043211','1023198378668298242','1010101010101010172'),
('1023198536437043212','1023198378668298242','1010101010101010173'),
('1023198536437043213','1023198378668298242','1010101010101010174'),
('1023198536437043214','1023198378668298242','1010101010101010175'),
('1023198536437043215','1023198378668298242','1010101010101010176'),
('1023198536437043216','1023198378668298242','1010101010101010177'),
('1023198536441237505','1023198378668298242','1010101010101010178'),
('1023198536441237506','1023198378668298242','1010101010101010179'),
('1023198536441237507','1023198378668298242','1010101010101010180'),
('1023198536441237508','1023198378668298242','1010101010101010181'),
('1023198536441237509','1023198378668298242','1010101010101010182'),
('1023198536441237510','1023198378668298242','1010101010101010183'),
('1023198536441237511','1023198378668298242','1010101010101010184'),
('1023198536441237512','1023198378668298242','1010101010101010185'),
('1023198536441237513','1023198378668298242','1010101010101010186'),
('1023198536441237514','1023198378668298242','1010101010101010187'),
('1023198536441237515','1023198378668298242','1010101010101010188'),
('1023198536441237516','1023198378668298242','1010101010101010189'),
('1023198536441237517','1023198378668298242','1010101010101010190'),
('1023198536441237518','1023198378668298242','1010101010101010191'),
('1023198536441237519','1023198378668298242','1010101010101010192'),
('1023198536478986242','1023198378668298242','1010101010101010193'),
('1023198536478986243','1023198378668298242','1010101010101010194'),
('1023198536478986244','1023198378668298242','1010101010101010195'),
('1023198536478986245','1023198378668298242','1010101010101010196'),
('1023198536478986246','1023198378668298242','1010101010101010197'),
('1023198536478986247','1023198378668298242','1010101010101010198'),
('1023198536478986248','1023198378668298242','1010101010101010199');
DROP TABLE IF EXISTS  `sys_role_privilege_user`;
CREATE TABLE `sys_role_privilege_user` (
  `id` bigint(18) NOT NULL AUTO_INCREMENT,
  `role_id` bigint(18) NOT NULL COMMENT '角色Id',
  `user_id` bigint(18) NOT NULL COMMENT '用户Id',
  `privilege_id` bigint(18) NOT NULL COMMENT '权限Id',
  PRIMARY KEY (`id`) USING BTREE,
  UNIQUE KEY `pk_role_id_user_id_privilege_id` (`role_id`,`user_id`,`privilege_id`) USING BTREE
) ENGINE=InnoDB AUTO_INCREMENT=1010101010101010228 DEFAULT CHARSET=utf8mb4 COMMENT='用户权限配置';

insert into `sys_role_privilege_user`(`id`,`role_id`,`user_id`,`privilege_id`) values
('1010101010101010145','1010101010101010101','1010101010101010101','1010101010101010101'),
('1010101010101010143','1010101010101010101','1010101010101010101','1010101010101010102'),
('1010101010101010146','1010101010101010101','1010101010101010101','1010101010101010103'),
('1010101010101010144','1010101010101010101','1010101010101010101','1010101010101010104'),
('1010101010101010192','1010101010101010101','1010101010101010101','1010101010101010105'),
('1010101010101010190','1010101010101010101','1010101010101010101','1010101010101010106'),
('1010101010101010193','1010101010101010101','1010101010101010101','1010101010101010107'),
('1010101010101010191','1010101010101010101','1010101010101010101','1010101010101010108'),
('1010101010101010194','1010101010101010101','1010101010101010101','1010101010101010109'),
('1010101010101010195','1010101010101010101','1010101010101010101','1010101010101010110'),
('1010101010101010181','1010101010101010101','1010101010101010101','1010101010101010111'),
('1010101010101010147','1010101010101010101','1010101010101010101','1010101010101010112'),
('1010101010101010137','1010101010101010101','1010101010101010101','1010101010101010113'),
('1010101010101010117','1010101010101010101','1010101010101010101','1010101010101010114'),
('1010101010101010124','1010101010101010101','1010101010101010101','1010101010101010115'),
('1010101010101010127','1010101010101010101','1010101010101010101','1010101010101010116'),
('1010101010101010132','1010101010101010101','1010101010101010101','1010101010101010117'),
('1010101010101010187','1010101010101010101','1010101010101010101','1010101010101010118'),
('1010101010101010188','1010101010101010101','1010101010101010101','1010101010101010119'),
('1010101010101010186','1010101010101010101','1010101010101010101','1010101010101010120'),
('1010101010101010184','1010101010101010101','1010101010101010101','1010101010101010121'),
('1010101010101010189','1010101010101010101','1010101010101010101','1010101010101010122'),
('1010101010101010185','1010101010101010101','1010101010101010101','1010101010101010123'),
('1010101010101010183','1010101010101010101','1010101010101010101','1010101010101010124'),
('1010101010101010182','1010101010101010101','1010101010101010101','1010101010101010125'),
('1010101010101010141','1010101010101010101','1010101010101010101','1010101010101010126'),
('1010101010101010139','1010101010101010101','1010101010101010101','1010101010101010127'),
('1010101010101010142','1010101010101010101','1010101010101010101','1010101010101010128'),
('1010101010101010140','1010101010101010101','1010101010101010101','1010101010101010129'),
('1010101010101010138','1010101010101010101','1010101010101010101','1010101010101010130'),
('1010101010101010114','1010101010101010101','1010101010101010101','1010101010101010131'),
('1010101010101010113','1010101010101010101','1010101010101010101','1010101010101010132'),
('1010101010101010111','1010101010101010101','1010101010101010101','1010101010101010133'),
('1010101010101010112','1010101010101010101','1010101010101010101','1010101010101010134'),
('1010101010101010121','1010101010101010101','1010101010101010101','1010101010101010135'),
('1010101010101010120','1010101010101010101','1010101010101010101','1010101010101010136'),
('1010101010101010118','1010101010101010101','1010101010101010101','1010101010101010137'),
('1010101010101010119','1010101010101010101','1010101010101010101','1010101010101010138'),
('1010101010101010128','1010101010101010101','1010101010101010101','1010101010101010139'),
('1010101010101010129','1010101010101010101','1010101010101010101','1010101010101010140'),
('1010101010101010104','1010101010101010101','1010101010101010101','1010101010101010141'),
('1010101010101010103','1010101010101010101','1010101010101010101','1010101010101010142'),
('1010101010101010106','1010101010101010101','1010101010101010101','1010101010101010143'),
('1010101010101010105','1010101010101010101','1010101010101010101','1010101010101010144'),
('1010101010101010176','1010101010101010101','1010101010101010101','1010101010101010145'),
('1010101010101010175','1010101010101010101','1010101010101010101','1010101010101010146'),
('1010101010101010174','1010101010101010101','1010101010101010101','1010101010101010147'),
('1010101010101010173','1010101010101010101','1010101010101010101','1010101010101010148'),
('1010101010101010116','1010101010101010101','1010101010101010101','1010101010101010149'),
('1010101010101010115','1010101010101010101','1010101010101010101','1010101010101010150'),
('1010101010101010123','1010101010101010101','1010101010101010101','1010101010101010151'),
('1010101010101010122','1010101010101010101','1010101010101010101','1010101010101010152'),
('1010101010101010126','1010101010101010101','1010101010101010101','1010101010101010153'),
('1010101010101010125','1010101010101010101','1010101010101010101','1010101010101010154'),
('1010101010101010131','1010101010101010101','1010101010101010101','1010101010101010155'),
('1010101010101010130','1010101010101010101','1010101010101010101','1010101010101010156'),
('1010101010101010102','1010101010101010101','1010101010101010101','1010101010101010157'),
('1010101010101010101','1010101010101010101','1010101010101010101','1010101010101010158'),
('1010101010101010163','1010101010101010101','1010101010101010101','1010101010101010159'),
('1010101010101010161','1010101010101010101','1010101010101010101','1010101010101010160'),
('1010101010101010164','1010101010101010101','1010101010101010101','1010101010101010161'),
('1010101010101010162','1010101010101010101','1010101010101010101','1010101010101010162'),
('1010101010101010170','1010101010101010101','1010101010101010101','1010101010101010163'),
('1010101010101010168','1010101010101010101','1010101010101010101','1010101010101010164'),
('1010101010101010171','1010101010101010101','1010101010101010101','1010101010101010165'),
('1010101010101010169','1010101010101010101','1010101010101010101','1010101010101010166'),
('1010101010101010167','1010101010101010101','1010101010101010101','1010101010101010167'),
('1010101010101010165','1010101010101010101','1010101010101010101','1010101010101010168'),
('1010101010101010172','1010101010101010101','1010101010101010101','1010101010101010169'),
('1010101010101010166','1010101010101010101','1010101010101010101','1010101010101010170'),
('1010101010101010179','1010101010101010101','1010101010101010101','1010101010101010171'),
('1010101010101010177','1010101010101010101','1010101010101010101','1010101010101010172'),
('1010101010101010180','1010101010101010101','1010101010101010101','1010101010101010173'),
('1010101010101010178','1010101010101010101','1010101010101010101','1010101010101010174'),
('1010101010101010109','1010101010101010101','1010101010101010101','1010101010101010175'),
('1010101010101010107','1010101010101010101','1010101010101010101','1010101010101010176'),
('1010101010101010110','1010101010101010101','1010101010101010101','1010101010101010177'),
('1010101010101010108','1010101010101010101','1010101010101010101','1010101010101010178'),
('1010101010101010135','1010101010101010101','1010101010101010101','1010101010101010179'),
('1010101010101010133','1010101010101010101','1010101010101010101','1010101010101010180'),
('1010101010101010136','1010101010101010101','1010101010101010101','1010101010101010181'),
('1010101010101010134','1010101010101010101','1010101010101010101','1010101010101010182'),
('1010101010101010150','1010101010101010101','1010101010101010101','1010101010101010183'),
('1010101010101010148','1010101010101010101','1010101010101010101','1010101010101010184'),
('1010101010101010151','1010101010101010101','1010101010101010101','1010101010101010185'),
('1010101010101010149','1010101010101010101','1010101010101010101','1010101010101010186'),
('1010101010101010154','1010101010101010101','1010101010101010101','1010101010101010187'),
('1010101010101010152','1010101010101010101','1010101010101010101','1010101010101010188'),
('1010101010101010155','1010101010101010101','1010101010101010101','1010101010101010189'),
('1010101010101010153','1010101010101010101','1010101010101010101','1010101010101010190'),
('1010101010101010159','1010101010101010101','1010101010101010101','1010101010101010191'),
('1010101010101010156','1010101010101010101','1010101010101010101','1010101010101010192'),
('1010101010101010160','1010101010101010101','1010101010101010101','1010101010101010193'),
('1010101010101010157','1010101010101010101','1010101010101010101','1010101010101010194'),
('1010101010101010158','1010101010101010101','1010101010101010101','1010101010101010195');
DROP TABLE IF EXISTS  `sys_user`;
CREATE TABLE `sys_user` (
  `id` bigint(18) NOT NULL AUTO_INCREMENT COMMENT '主键',
  `username` varchar(32) NOT NULL COMMENT '账号',
  `password` varchar(256) NOT NULL COMMENT '密码',
  `fullname` varchar(32) DEFAULT NULL COMMENT '姓名',
  `mobile` varchar(16) DEFAULT NULL COMMENT '手机号',
  `email` varchar(128) DEFAULT NULL COMMENT '邮箱',
  `status` tinyint(4) NOT NULL DEFAULT '1' COMMENT '状态 0-无效； 1-有效；',
  `create_by` bigint(18) DEFAULT NULL COMMENT '创建人',
  `modify_by` bigint(18) DEFAULT NULL COMMENT '修改人',
  `created` datetime NOT NULL DEFAULT CURRENT_TIMESTAMP ON UPDATE CURRENT_TIMESTAMP COMMENT '创建时间',
  `last_update_time` datetime NOT NULL DEFAULT CURRENT_TIMESTAMP ON UPDATE CURRENT_TIMESTAMP COMMENT '修改时间',
  PRIMARY KEY (`id`) USING BTREE
) ENGINE=InnoDB AUTO_INCREMENT=1020246754119344130 DEFAULT CHARSET=utf8mb4 COMMENT='平台用户';

insert into `sys_user`(`id`,`username`,`password`,`fullname`,`mobile`,`email`,`status`,`create_by`,`modify_by`,`created`,`last_update_time`) values
('1010101010101010101','BXX_ADMIN','$2a$10$0SN5s6plBwxxiV/YPwzfrunb4zsANW0rTopGv4EWYmYm4En82RdUi','管理员',null,null,'1',null,null,'2018-07-19 01:01:52','2018-07-19 01:01:52'),
('1016219199762571265','Tina','$2a$10$zyX/wuyEYbWfeC5urh0F6uGE7DVXnEs0kjMygbcOCwuS/S/EhrqM2','Tina','0000000000','Tina@bxx.com','1','1010101010101010101',null,'2018-07-09 15:15:12','2018-07-09 15:15:12'),
('1016219380151197698','Tommy  ','$2a$10$lQI3fbFuHXn.Ydu9ZV4/Luh.2tRTLMThSIs.lwcCuVqY5tpaog90C','Tommy  ','0000000','Tommy@bxx.com','1','1010101010101010101','1010101010101010101','2018-07-10 09:59:36','2018-07-10 09:59:36'),
('1016219684842217473','Monday ','$2a$10$/5njC9yT9XmZEsKvRaz/HehVwZX5ee6W1lLDCIvOaInIjDV.b120.','Monday','0000000001','Monday@bxx.com','1','1010101010101010101','1010101010101010101','2018-07-09 15:18:01','2018-07-09 15:18:01'),
('1016220136409374722','Ben','$2a$10$7FDpJOwt8x883fEaFwjqm.cFBQape8rX7rLrS1mRokKtztkYb6S0q','Ben','00000000002','Ben@bxx.com','1','1010101010101010101','1010101010101010101','2018-07-10 09:59:46','2018-07-10 09:59:46'),
('1016220312171683841','Echo','$2a$10$OBDbTmzp4b90Z7YlURASwuK2D2tTshFGp3pyMvIxiuq8Zt4AOANYG','Echo','00000000021','Echo@bxx.com','1','1010101010101010101',null,'2018-07-09 15:19:37','2018-07-09 15:19:37'),
('1016220475200086018','Eleven','$2a$10$OVqtxzyZLwgmwoXFl2FfQ.PgOsA3hEvkgrMKhePrzJGqDWBk9EBh6','Eleven','12222222222','Eleven@bxx.com','1','1010101010101010101','1010101010101010101','2018-07-10 10:01:53','2018-07-10 10:01:53'),
('1016220620704686081','Andy','$2a$10$q0flCDy1le6ML1lLJFIFaemOnW.ybJUmkw2uml2eyfNZ.4U4QiRQm','Andy','14444444444','Andy@bxx.com','1','1010101010101010101',null,'2018-07-09 15:20:51','2018-07-09 15:20:51'),
('1016220981507104769','Jason','$2a$10$pn9Bqhh9hNmTeSOJpT8GN.bu0hH2HFmviHlbCW4ARzCp9aghBAU6u','Jason','13322666666','Jason@bxx.com','1','1010101010101010101','1010101010101010101','2018-07-09 15:22:25','2018-07-09 15:22:25'),
('1016501904190447617','Mark','$2a$10$lC58NDCObBo10jnWXK5Z.uQcLkkLukUz6wA6eo8P6T9BAHNQ8rkPS','Mark','12345678','1234125@QQ.COM','1','1010101010101010101',null,'2018-07-10 09:58:34','2018-07-10 09:58:34'),
('1019629176246206466','test','$2a$10$23udva9tlqwBDDcxLLS4/.ZagkU4xSycxD2gquVHBAoJOetwWiPFq','songhaichao','13910860759','songhc168@qq.com','1','1010101010101010101','1010101010101010101','2018-07-28 21:24:08','2018-07-28 21:24:08');
DROP TABLE IF EXISTS  `sys_user_role`;
CREATE TABLE `sys_user_role` (
  `id` bigint(18) NOT NULL AUTO_INCREMENT COMMENT '主键',
  `role_id` bigint(18) DEFAULT NULL COMMENT '角色ID',
  `user_id` bigint(18) DEFAULT NULL COMMENT '用户ID',
  `create_by` bigint(18) DEFAULT NULL COMMENT '创建人',
  `modify_by` bigint(18) DEFAULT NULL COMMENT '修改人',
  `created` datetime NOT NULL DEFAULT CURRENT_TIMESTAMP COMMENT '创建时间',
  `last_update_time` datetime NOT NULL DEFAULT CURRENT_TIMESTAMP ON UPDATE CURRENT_TIMESTAMP COMMENT '修改时间',
  PRIMARY KEY (`id`) USING BTREE
) ENGINE=InnoDB AUTO_INCREMENT=1023198448746729475 DEFAULT CHARSET=utf8mb4 COMMENT='用户角色配置';

insert into `sys_user_role`(`id`,`role_id`,`user_id`,`create_by`,`modify_by`,`created`,`last_update_time`) values
('1010101010101010101','1010101010101010101','1010101010101010101',null,null,'2018-07-08 02:27:33','2018-07-08 02:27:33'),
('1016219199829680129','1016200764806635522','1016219199762571265',null,null,'2018-07-09 15:15:12','2018-07-09 15:15:12'),
('1016219909128429570','1016200764806635522','1016219684842217473',null,null,'2018-07-09 15:18:01','2018-07-09 15:18:01'),
('1016220312276541442','1016200921405169666','1016220312171683841',null,null,'2018-07-09 15:19:37','2018-07-09 15:19:37'),
('1016220620742434818','1016200921405169666','1016220620704686081',null,null,'2018-07-09 15:20:51','2018-07-09 15:20:51'),
('1016221015531298818','1016200921405169666','1016220981507104769',null,null,'2018-07-09 15:22:25','2018-07-09 15:22:25'),
('1016501904224002050','1010101010101010101','1016501904190447617',null,null,'2018-07-10 09:58:34','2018-07-10 09:58:34'),
('1016502163520069634','1016200764806635522','1016219380151197698',null,null,'2018-07-10 09:59:36','2018-07-10 09:59:36'),
('1016502205022707713','1016200764806635522','1016220136409374722',null,null,'2018-07-10 09:59:46','2018-07-10 09:59:46'),
('1016502740303978497','1016200921405169666','1016220475200086018',null,null,'2018-07-10 10:01:53','2018-07-10 10:01:53'),
('1020246754144509953','1016200764806635522','1020246754119344129','1010101010101010101',null,'2018-07-20 17:59:16','2018-07-20 17:59:16'),
('1023198448746729474','1023198378668298242','1019629176246206466',null,null,'2018-07-28 21:28:14','2018-07-28 21:28:14');
SET FOREIGN_KEY_CHECKS = 1;

