
insert into `coin`(`id`,`name`,`title`,`img`,`type`,`wallet`,`round`,`base_amount`,`min_amount`,`max_amount`,`day_max_amount`,`status`,`auto_out`,`rate`,`min_fee_num`,`withdraw_flag`,`recharge_flag`,`last_update_time`,`created`) values
('1010101010101010101','USDT','USDT','https://bxx2-static.oss-cn-hongkong.aliyuncs.com/static/1530988595616.jpg','usdt','rgb','8',1.00000000,1.00000000,10.00000000,100.00000000,'1','0','0',1.00000000,'0','0','2018-07-08 21:51:27','2018-07-06 22:03:58'),
('1010101010101010102','BTC','BTC','https://bxx2-static.oss-cn-hongkong.aliyuncs.com/static/1530988645534.jpg','btc','qbb','8',0.01000000,0.01000000,10.00000000,100.00000000,'1','0',0.005,0.00500000,'1','1','2018-07-08 21:51:31','2018-07-06 22:03:58'),
('1010101010101010103','ETH','ETH','https://bxx2-static.oss-cn-hongkong.aliyuncs.com/static/1530933341760.jpg','eth','qbb','2',0.01000000,0.01000000,1000.00000000,2000.00000000,'1','0',0.005,0.01000000,'1','1','2018-07-08 21:51:34','2018-07-06 22:03:58'),
('1016312602449911810','NBXX','NBXX','https://bxx2-static.oss-cn-hongkong.aliyuncs.com/static/1531142744988.jpg','rgb','rgb','8',1.00000000,1.00000000,100000.00000000,200000.00000000,'1','10','1',1.00000000,'0','0','2018-07-15 02:49:03','2018-07-14 23:35:32'),
('1023157074441768961','EMBC','EMBC','https://bxx2-static.oss-cn-hongkong.aliyuncs.com/static/1533017576336.jpg','ethToken','qbb','8',0.00100000,100.00000000,100000.00000000,200000.00000000,'1','10',0.005,0.00500000,'0','1','2018-07-28 18:43:50','2018-07-28 18:43:50');

insert into `coin_type`(`id`,`code`,`description`,`status`,`created`,`last_update_time`) values
('1010101010101010101','usdt','usdt','1','2018-07-06 22:03:57','2018-07-06 22:03:57'),
('1010101010101010102','btc','btc类型都用这个类型,例如hsr,ltc,doge','1','2018-07-06 22:03:57','2018-07-06 22:03:57'),
('1010101010101010103','eth','eth主链类(不包括etc,etc需要单独配置)','1','2018-07-06 22:03:57','2018-07-06 22:03:57'),
('1010101010101010104','ethToken','以太坊的代币都是用这个类型','1','2018-07-06 22:03:58','2018-07-06 22:03:58'),
('1015666990675070978','etc','etc的类型,不同于eth','1','2018-07-08 02:40:55','2018-07-08 02:40:55');

insert into `config`(`id`,`type`,`code`,`name`,`description`,`desc`,`value`,`created`) values
('1010101010101010101','CNY','WITHDRAW_MIN_AMOUNT','最小取现额（USDT）',null,'最小取现额（USDT）','100','2018-07-06 22:03:58'),
('1010101010101010102','CNY','WITHDRAW_MAX_AMOUNT','最大取现额（USDT）',null,'最大取现额（USDT）','50000','2018-07-06 22:03:58'),
('1010101010101010103','CNY','WITHDRAW_MIN_POUNDAGE','最小取现手续费',null,'最小取现手续费','1','2018-07-06 22:03:58'),
('1010101010101010104','CNY','WITHDRAW_POUNDAGE_RATE','取现手续费率',null,'取现手续费率','0.008','2018-07-06 22:03:58'),
('1010101010101010105','CNY','WITHDRAW_BASEAMOUNT','取现基数',null,'取现值必须是基数的倍数，基数如果是100，那么取现值只能是100的倍数，例如：200,300等等','1','2018-07-06 22:03:58'),
('1010101010101010106','CNY','WITHDRAW_DAY_MAX_AMOUNT','每日最大提现额（USDT）',null,'每日最大提现额（USDT）','500000','2018-07-06 22:03:58'),
('1010101010101010107','CNY','WITHDRAW_STATUS','提现状态',null,'提现状态，0表示不能提现，1表示可以提现','1','2018-07-06 22:03:58'),
('1010101010101010108','CNY','CNY2USDT','人民币充值USDT换算费率',null,'人民币充值USDT换算费率','6.89','2018-07-06 22:03:58'),
('1010101010101010109','CNY','USDT2CNY','人民币提现USDT换算费率',null,'人民币提现USDT换算费率','6.45','2018-07-06 22:03:58'),
('1010101010101010110','MINING','SWITCH','挖矿开关',null,'挖矿开关','0','2018-07-06 22:03:58'),
('1010101010101010111','MINING','COIN_ID','挖矿币种ID',null,'挖矿币种ID','1010101010101010104','2018-07-06 22:03:58'),
('1010101010101010112','MINING','COIN_NAME','挖矿币种名称',null,'挖矿币种名称','NBXX','2018-07-06 22:03:58'),
('1010101010101010113','REGISTER_REWARD','SWITCH','注册奖励开关',null,'注册奖励开关：1-开启；0-关闭；','0','2018-07-06 22:03:58'),
('1010101010101010114','REGISTER_REWARD','COIN_ID','注册奖励币种',null,'邀请奖励币种','1010101010101010104','2018-07-06 22:03:58'),
('1010101010101010115','REGISTER_REWARD','AMOUNT','注册奖励数量',null,'注册奖励数量','1000','2018-07-06 22:03:58'),
('1010101010101010116','REGISTER_REWARD','START_TIME','注册奖励开始时间',null,'注册奖励开始时间','2018-05-25 00:00:00','2018-07-06 22:03:58'),
('1010101010101010117','REGISTER_REWARD','END_TIME','注册奖励结束时间',null,'注册奖励结束时间','2028-06-30 00:00:00','2018-07-06 22:03:58'),
('1010101010101010118','INVITE_REWARD','SWITCH','邀请奖励开关',null,'邀请奖励开关：1-开启；0-关闭；','0','2018-07-06 22:03:58'),
('1010101010101010119','INVITE_REWARD','COIN_ID','邀请奖励币种',null,'邀请奖励币种','1010101010101010104','2018-07-06 22:03:58'),
('1010101010101010120','INVITE_REWARD','AMOUNT','邀请奖励金额',null,'邀请奖励金额','0','2018-07-06 22:03:58'),
('1010101010101010121','INVITE_REWARD','START_TIME','邀请奖励开始时间',null,'邀请奖励开始时间','2018-05-25 00:00:00','2018-07-06 22:03:58'),
('1010101010101010122','INVITE_REWARD','END_TIME','邀请奖励结束时间',null,'邀请奖励结束时间','2028-06-30 00:00:00','2018-07-06 22:03:58'),
('1010101010101010123','SMS','SIGN','短信签名',null,'短信签名','【BXX】','2018-07-06 22:03:58'),
('1010101010101010124','SMS','REGISTER_VERIFY','用户注册验证',null,'用户注册短信模板','${sign}您正在注册平台账号。验证码：${code}，验证码有效时间：30分钟。请勿向任何人包括客服提供验证码！','2018-07-06 22:03:58'),
('1010101010101010125','SMS','FORGOT_VERIFY','用户找回密码验证',null,'用户找回密码模板','${sign}您的短信验证码是${code}。您正在通过手机号重置登录密码，如非本人操作，请忽略该短信！','2018-07-06 22:03:58'),
('1010101010101010126','SMS','REGISTER_AGENT','注册成为代理商用户',null,'代理商注册短信模板','${sign}恭喜您注册成为代理商用户！','2018-07-06 22:03:58'),
('1010101010101010127','SMS','UNDER_LINE_REFUSE','线下充值拒绝短信',null,'线下充值拒绝短信模板','${sign}您在平台申请的线下充值${num}元已被拒绝，拒绝原因为:${reason}，如需退款或有疑问请联系在线客服！','2018-07-06 22:03:58'),
('1010101010101010128','SMS','UNDER_LINE_SUCCESS','线下充值成功短信',null,'线下充值成功短信模板','${sign}您已在平台线下成功充值${num}元，人工到账确认时间为：${getTime}！','2018-07-06 22:03:58'),
('1010101010101010129','SMS','WITHDRAW_APPLY','提币申请',null,'提币申请短信模板','${sign}您已在平台申请提币验证码为：${code}！','2018-07-06 22:03:58'),
('1010101010101010130','SMS','WITHDRAW_SUCCESS','提币成功',null,'提币成功短信模板','${sign}您已在平台成功转出${amount}个${coinName}，请注意查收！','2018-07-06 22:03:58'),
('1010101010101010131','SMS','CASH_WITHDRAW_REFUSE','法币提现',null,'法币提现审核拒绝短信模板','${sign}您在平台申请的提现：${num}元已被拒绝，拒绝原因为:${reason}，如需退款或有疑问请联系在线客服！','2018-07-06 22:03:58'),
('1010101010101010132','SMS','FORGOT_PWD_VERIFY','找回登录密码',null,'找回登录密码短信模板','${sign}您手机验证码为：${code}，如有问题请拨打客服电话！','2018-07-06 22:03:58'),
('1010101010101010133','SMS','CHANGE_PHONE_VERIFY','修改手机号码',null,'修改手机号码短信模板','${sign}您手机验证码为：${code}，如有问题请拨打客服电话！','2018-07-06 22:03:58'),
('1010101010101010134','SMS','CHANGE_LOGIN_PWD_VERIFY','修改登录密码',null,'修改登录密码短信模板','${sign}您手机验证码为：${code}，如有问题请拨打客服电话！','2018-07-06 22:03:58'),
('1010101010101010135','SMS','CHANGE_PAY_PWD_VERIFY','修改资金密码',null,'修改资金密码短信模板','${sign}您手机验证码为：${code}，如有问题请拨打客服电话！','2018-07-06 22:03:58'),
('1010101010101010136','SMS','FORGOT_PAY_PWD_VERIFY','找回资金密码',null,'找回资金密码短信模板','${sign}您手机验证码为：${code}，如有问题请拨打客服电话！','2018-07-06 22:03:58'),
('1010101010101010137','SMS','CASH_WITHDRAWS','提现申请',null,'提现申请模板','${sign}您手机验证码为：${code}，如有问题请拨打客服电话！','2018-07-06 22:03:58'),
('1010101010101010138','SMS','COIN_RECHARGE_SUCCESS','充币成功',null,'充币成功模板','${sign}您已成功充值${amount}个${coinName}，到账确认时间为：${getTime}！','2018-07-06 22:03:58'),
('1010101010101010139','SYSTEM','TRADE_STATUS','系统交易状态',null,'币币交易状态：0-关闭；1-开启','1','2018-07-06 22:03:58'),
('1010101010101010140','SYSTEM','CASH_WITHDRAW_AUDIT_STEPS','提现审核级数',null,'提现审核级数','2','2018-07-06 22:03:58'),
('1010101010101010141','SYSTEM','CASH_RECHARGE_AUDIT_STEPS','充值审核级数',null,'充值审核级数','2','2018-07-06 22:03:59'),
('1010101010101010142','SYSTEM','COIN_WITHDRAW_AUDIT_STEPS','提币审核级数',null,'提币审核级数','2','2018-07-06 22:03:59'),
('1010101010101010143','SYSTEM','PLATFORM_COIN_ID','平台币ID',null,'平台币ID','1010101010101010101','2018-07-06 22:03:59'),
('1010101010101010144','SYSTEM','PLATFORM_COIN_NAME','平台币名称',null,'平台币名称','USDT','2018-07-06 22:03:59'),
('1010101010101010145','SYSTEM','C2C_ADMIN_USER_ID','C2C管理员ID',null,'C2C管理员ID','1010101010101010101','2018-07-06 22:03:59');

insert into `market`(`id`,`type`,`trade_area_id`,`sell_coin_id`,`buy_coin_id`,`symbol`,`name`,`title`,`img`,`open_price`,`fee_buy`,`fee_sell`,`margin_rate`,`num_min`,`num_max`,`trade_min`,`trade_max`,`price_scale`,`num_scale`,`contract_unit`,`point_value`,`merge_depth`,`trade_time`,`trade_week`,`sort`,`status`,`fxcm_symbol`,`yahoo_symbol`,`aliyun_symbol`,`last_update_time`,`created`) values
('1010101010101010101','1','1010101010101010101','1010101010101010102','1010101010101010101','BTCUSDT','BTC/USDT','BTC/USDT','https://bxx2-static.oss-cn-hongkong.aliyuncs.com/static/1530988645534.jpg',6400.15000000,0.00100000,0.00100000,null,0.00001000,10000.00000000,0.01000000,10000000.00000000,'3','4',null,0.00100000,'3,2,1','00:00-23:59','1,2,3,4,5,6,7','1','1',null,null,null,'2018-07-08 21:51:13','2018-07-06 22:03:58'),
('1010101010101010102','1','1010101010101010101','1010101010101010103','1010101010101010101','ETHUSDT','ETH/USDT','ETH/USDT','https://bxx2-static.oss-cn-hongkong.aliyuncs.com/static/1530933341760.jpg',455.15000000,0.00100000,0.00100000,null,0.00001000,100000.00000000,0.01000000,1000000.00000000,'3','6',null,0.00100000,'3,2,1','00:00-23:59','1,2,3,4,5,6,7','2','1',null,null,null,'2018-07-08 21:51:16','2018-07-06 22:03:58'),
('1010101010101010103','1','1023185204430737410','1023157074441768961','1010101010101010103','EMBCETH','EMBC/ETH','EMBC/ETH','https://bxx2-static.oss-cn-hongkong.aliyuncs.com/static/1532774565178.jpg',0.00012801,0.00100000,0.00100000,null,0.00001000,100000.00000000,0.00001000,10000000.00000000,'8','4','1',1E-8,'8,7,6','00:00-23:59','1,2,3,4,5,6,7','1','1',null,null,null,'2018-07-30 16:17:04','2018-07-29 17:10:54'),
('1015427013835890690','1','1015426106142367745','1010101010101010103','1010101010101010102','ETHBTC','ETH/BTC','ETH/BTC','https://bxx2-static.oss-cn-hongkong.aliyuncs.com/static/1530933341760.jpg',0.07090000,0.00100000,0.00100000,1.00000000,0.00001000,500.00000000,0.00001000,100000.00000000,'8','4','1',1E-8,'8,7,6','00:00-23:59','1,2,3,4,5,6,7','1','1',null,null,null,'2018-07-30 16:17:04','2018-07-07 10:47:20'),
('1024170048992284673',null,'1010101010101010101','1023157074441768961','1010101010101010101','EMBCUSDT','EMBC/USDT','EMBC/USDT','https://bxx2-static.oss-cn-hongkong.aliyuncs.com/static/1532774565178.jpg',0.06000000,0.00100000,0.00100000,null,0.00100000,100000.00000000,0.10000000,1000000.00000000,'3','6',null,null,'3,2,1','00:00-23:59','1,2,3,4,5,6,7','3','0',null,null,null,'2018-07-31 14:05:33','2018-07-31 13:49:02');

insert into `trade_area`(`id`,`name`,`code`,`type`,`coin_id`,`coin_name`,`sort`,`status`,`base_coin`,`last_update_time`,`created`) values
('1010101010101010101','USDT','USDT','1','1010101010101010101','USDT','1','1','1','2018-07-06 22:03:58','2018-07-06 22:03:58'),
('1015426106142367745','BTC','BTC','1','1010101010101010102','BTC','2','1','0','2018-07-07 22:18:21','2018-07-07 10:43:44'),
('1023185204430737410','ETH','ETH','1','1010101010101010103','ETH','3','1','0','2018-07-29 11:14:33','2018-07-28 20:35:37');


